[
  [
    3611.508071,
    316.3693,
    11179.288946,
    0
  ],
  [
    3613.349918,
    316.3693,
    11181.276114,
    0
  ],
  [
    3613.789368,
    316.3693,
    11180.110235,
    0
  ],
  [
    3615.423717,
    316.3693,
    11181.099181,
    0
  ],
  [
    3616.546146,
    316.3693,
    11178.418912,
    0
  ],
  [
    3627.540627,
    319.911951,
    11159.341423,
    0
  ],
  [
    3627.573067,
    319.912112,
    11158.83233,
    0
  ],
  [
    3627.684579,
    318.724097,
    11158.171823,
    0
  ],
  [
    3628.626751,
    318.724564,
    11158.638024,
    0
  ],
  [
    3962.202166,
    339.299038,
    10570.52382,
    0
  ],
  [
    3962.99475,
    339.299038,
    10568.050893,
    0
  ],
  [
    3966.258807,
    339.299038,
    10558.127336,
    0
  ],
  [
    3967.051391,
    339.299038,
    10555.654409,
    0
  ],
  [
    3967.77599,
    339.299038,
    10569.507964,
    0
  ],
  [
    3967.943715,
    339.299038,
    10567.436904,
    0
  ],
  [
    3969.012586,
    339.299038,
    10572.786589,
    0
  ],
  [
    3971.832631,
    339.299038,
    10557.11148,
    0
  ],
  [
    3972.000356,
    339.299038,
    10555.04042,
    0
  ],
  [
    3972.547455,
    339.299038,
    10571.363427,
    0
  ],
  [
    3972.681644,
    339.299038,
    10569.212355,
    0
  ],
  [
    3973.069227,
    339.299038,
    10560.390105,
    0
  ],
  [
    3974.511518,
    367.921387,
    11625.772205,
    0
  ],
  [
    3974.941423,
    368.263108,
    11625.556746,
    0
  ],
  [
    3974.991867,
    367.604065,
    11625.653267,
    0
  ],
  [
    3975.45118,
    375.89737,
    11799.328342,
    0
  ],
  [
    3975.576415,
    375.89737,
    11801.899206,
    0
  ],
  [
    3975.671076,
    339.299038,
    10570.362979,
    0
  ],
  [
    3976.604096,
    339.299038,
    10558.966943,
    0
  ],
  [
    3976.725689,
    367.974686,
    11626.280748,
    0
  ],
  [
    3976.738285,
    339.299038,
    10556.815871,
    0
  ],
  [
    3977.064609,
    368.111161,
    11625.688679,
    0
  ],
  [
    3977.381318,
    368.512238,
    11627.102272,
    0
  ],
  [
    3977.52144,
    375.89737,
    11799.798893,
    0
  ],
  [
    3977.696674,
    368.512238,
    11627.522377,
    0
  ],
  [
    3978.764545,
    375.89737,
    11798.331003,
    0
  ],
  [
    3979.727717,
    339.299038,
    10557.966495,
    0
  ],
  [
    3980.207671,
    375.89737,
    11798.090322,
    0
  ],
  [
    3980.33594,
    375.868622,
    11777.747789,
    0
  ],
  [
    3980.571173,
    375.868622,
    11780.417071,
    0
  ],
  [
    3980.576354,
    375.938415,
    11825.804974,
    0
  ],
  [
    3980.797619,
    375.868622,
    11783.422233,
    0
  ],
  [
    3981.018904,
    375.944061,
    11828.310617,
    0
  ],
  [
    3981.122339,
    375.947876,
    11830.923816,
    0
  ],
  [
    3981.239966,
    375.93219,
    11823.303493,
    0
  ],
  [
    3982.029261,
    375.89737,
    11801.590616,
    0
  ],
  [
    3982.257552,
    375.868622,
    11776.172887,
    0
  ],
  [
    3982.353826,
    375.89737,
    11799.106814,
    0
  ],
  [
    3983.038732,
    375.868622,
    11779.544616,
    0
  ],
  [
    3983.882691,
    375.868622,
    11782.655365,
    0
  ],
  [
    3983.918656,
    375.868622,
    11785.451618,
    0
  ],
  [
    3984.351728,
    375.868622,
    11775.910338,
    0
  ],
  [
    3984.357395,
    375.941681,
    11830.420648,
    0
  ],
  [
    3984.472431,
    375.932312,
    11825.96001,
    0
  ],
  [
    3984.871755,
    375.939392,
    11828.139841,
    0
  ],
  [
    3985.344123,
    375.868622,
    11777.714198,
    0
  ],
  [
    3985.437426,
    375.89737,
    11797.038378,
    0
  ],
  [
    3985.721158,
    375.89737,
    11798.541968,
    0
  ],
  [
    3986.497033,
    375.923431,
    11823.220741,
    0
  ],
  [
    3988.105154,
    375.934509,
    11829.887735,
    0
  ],
  [
    3988.421817,
    375.932587,
    11826.054022,
    0
  ],
  [
    3989.393733,
    375.89737,
    11798.856215,
    0
  ],
  [
    3989.574279,
    375.89737,
    11797.269337,
    0
  ],
  [
    3990.189994,
    375.759217,
    11889.501181,
    0
  ],
  [
    3990.363476,
    375.922089,
    11822.809655,
    0
  ],
  [
    3991.758536,
    375.927521,
    11828.642965,
    0
  ],
  [
    3991.820912,
    375.759217,
    11891.492444,
    0
  ],
  [
    3991.916144,
    375.927216,
    11831.113893,
    0
  ],
  [
    3992.133636,
    375.759217,
    11888.646984,
    0
  ],
  [
    3992.258778,
    375.759217,
    11886.727519,
    0
  ],
  [
    3992.7909,
    375.922028,
    11822.802228,
    0
  ],
  [
    3993.275134,
    375.759217,
    11885.675111,
    0
  ],
  [
    3993.946042,
    375.92334,
    11826.037853,
    0
  ],
  [
    3995.032507,
    375.921234,
    11830.853174,
    0
  ],
  [
    3995.04698,
    375.921234,
    11828.392069,
    0
  ],
  [
    3995.47358,
    375.92041,
    11823.814436,
    0
  ],
  [
    3995.604728,
    375.759217,
    11885.214429,
    0
  ],
  [
    3996.822389,
    375.759217,
    11887.403473,
    0
  ],
  [
    3996.851324,
    375.759217,
    11881.716856,
    0
  ],
  [
    3997.974316,
    375.759217,
    11882.756171,
    0
  ],
  [
    4000.312955,
    375.759217,
    11879.440013,
    0
  ],
  [
    4001.112454,
    375.759217,
    11880.822612,
    0
  ],
  [
    4007.419644,
    369.922452,
    11617.879801,
    0
  ],
  [
    4012.531854,
    375.700476,
    11833.117339,
    0
  ],
  [
    4012.794899,
    375.700476,
    11831.366922,
    0
  ],
  [
    4013.296924,
    369.922452,
    11620.139146,
    0
  ],
  [
    4013.876825,
    369.922452,
    11610.019103,
    0
  ],
  [
    4014.356237,
    375.700476,
    11832.879567,
    0
  ],
  [
    4014.533683,
    375.700476,
    11830.570121,
    0
  ],
  [
    4015.049697,
    375.834717,
    11801.574044,
    0
  ],
  [
    4015.250065,
    375.834717,
    11804.246169,
    0
  ],
  [
    4015.348821,
    375.9982,
    11788.662022,
    0
  ],
  [
    4015.437262,
    375.834717,
    11807.254031,
    0
  ],
  [
    4015.544118,
    375.9982,
    11787.076892,
    0
  ],
  [
    4016.991705,
    375.834717,
    11800.024361,
    0
  ],
  [
    4017.728803,
    375.834717,
    11803.406001,
    0
  ],
  [
    4018.178599,
    369.922452,
    11608.717393,
    0
  ],
  [
    4018.531542,
    375.834717,
    11809.323985,
    0
  ],
  [
    4018.532083,
    375.834717,
    11806.527501,
    0
  ],
  [
    4019.079544,
    369.922452,
    11613.622166,
    0
  ],
  [
    4019.089129,
    375.834717,
    11799.789172,
    0
  ],
  [
    4019.213612,
    375.9982,
    11787.425283,
    0
  ],
  [
    4019.483347,
    375.9982,
    11788.931447,
    0
  ],
  [
    4020.057892,
    375.834717,
    11801.605833,
    0
  ],
  [
    4021.439964,
    375.813843,
    11868.813912,
    0
  ],
  [
    4022.244394,
    375.813843,
    11870.193648,
    0
  ],
  [
    4022.586052,
    375.9982,
    11786.89178,
    0
  ],
  [
    4022.933703,
    375.9982,
    11784.411104,
    0
  ],
  [
    4023.668625,
    369.922452,
    11613.757951,
    0
  ],
  [
    4024.279618,
    369.922452,
    11606.360147,
    0
  ],
  [
    4024.57118,
    375.813843,
    11866.869163,
    0
  ],
  [
    4024.72266,
    375.9982,
    11787.928189,
    0
  ],
  [
    4025.697875,
    375.813843,
    11867.904462,
    0
  ],
  [
    4025.70651,
    375.813843,
    11862.217778,
    0
  ],
  [
    4026.079345,
    336.587694,
    10362.341309,
    0
  ],
  [
    4026.167962,
    375.9982,
    11787.70094,
    0
  ],
  [
    4026.773802,
    336.587917,
    10351.6698,
    0
  ],
  [
    4026.931977,
    375.813843,
    11864.402462,
    0
  ],
  [
    4027.328796,
    336.587917,
    10358.437073,
    0
  ],
  [
    4027.424665,
    375.9982,
    11786.244675,
    0
  ],
  [
    4029.13755,
    369.922452,
    11613.322445,
    0
  ],
  [
    4029.259912,
    375.813843,
    11863.933466,
    0
  ],
  [
    4029.38914,
    375.9982,
    11784.162543,
    0
  ],
  [
    4029.49046,
    375.9982,
    11786.734461,
    0
  ],
  [
    4030.07135,
    336.587547,
    10361.826295,
    0
  ],
  [
    4030.272504,
    375.813843,
    11862.877437,
    0
  ],
  [
    4030.390794,
    375.813843,
    11860.957536,
    0
  ],
  [
    4030.523254,
    336.587917,
    10351.121399,
    0
  ],
  [
    4030.693357,
    375.813843,
    11858.110978,
    0
  ],
  [
    4030.945313,
    336.587917,
    10354.530213,
    0
  ],
  [
    4031.693326,
    369.924374,
    11609.029215,
    0
  ],
  [
    4031.830261,
    336.587784,
    10357.904297,
    0
  ],
  [
    4032.331374,
    375.813843,
    11860.096407,
    0
  ],
  [
    4034.060303,
    336.587917,
    10351.903262,
    0
  ],
  [
    4034.231374,
    375.653787,
    11847.809497,
    0
  ],
  [
    4034.701415,
    336.5874,
    10360.904663,
    0
  ],
  [
    4035.174011,
    336.587864,
    10354.975466,
    0
  ],
  [
    4035.873894,
    375.647476,
    11846.083171,
    0
  ],
  [
    4036.351901,
    375.659625,
    11850.645254,
    0
  ],
  [
    4037.388036,
    375.649879,
    11848.036279,
    0
  ],
  [
    4037.570606,
    369.924374,
    11611.28856,
    0
  ],
  [
    4037.792606,
    336.587917,
    10351.070623,
    0
  ],
  [
    4038.150507,
    369.924374,
    11601.168517,
    0
  ],
  [
    4038.357909,
    336.587768,
    10354.296022,
    0
  ],
  [
    4038.526244,
    336.587381,
    10358.92212,
    0
  ],
  [
    4039.075991,
    336.587068,
    10362.418947,
    0
  ],
  [
    4042.452281,
    369.924374,
    11599.866807,
    0
  ],
  [
    4043.353226,
    369.924374,
    11604.77158,
    0
  ],
  [
    4045.963378,
    377.052673,
    11708.539062,
    0
  ],
  [
    4045.991211,
    377.842651,
    11708.556641,
    0
  ],
  [
    4046.318359,
    376.608704,
    11711.211913,
    0
  ],
  [
    4046.752929,
    377.843719,
    11708.993164,
    0
  ],
  [
    4046.803223,
    377.052673,
    11709.042969,
    0
  ],
  [
    4047.491699,
    380.67868,
    11714.826172,
    0
  ],
  [
    4047.942307,
    369.924374,
    11604.907365,
    0
  ],
  [
    4048.508057,
    380.67868,
    11713.038085,
    0
  ],
  [
    4048.5533,
    369.924374,
    11597.509561,
    0
  ],
  [
    4049.816407,
    380.67868,
    11714.262694,
    0
  ],
  [
    4050.791749,
    375.812073,
    11713.083007,
    0
  ],
  [
    4051.180176,
    372.708618,
    11710.86914,
    0
  ],
  [
    4052.935547,
    372.708618,
    11707.313476,
    0
  ],
  [
    4053.295872,
    339.929474,
    10521.125872,
    0
  ],
  [
    4053.31677,
    369.863162,
    11595.172748,
    0
  ],
  [
    4053.411232,
    369.924374,
    11604.471859,
    0
  ],
  [
    4053.412597,
    380.67868,
    11705.296874,
    0
  ],
  [
    4053.62818,
    339.929474,
    10520.234509,
    0
  ],
  [
    4053.708497,
    376.608704,
    11711.163083,
    0
  ],
  [
    4053.839448,
    339.172546,
    10521.959572,
    0
  ],
  [
    4054.296861,
    369.862623,
    11596.464771,
    0
  ],
  [
    4054.456045,
    340.391113,
    10519.249114,
    0
  ],
  [
    4054.597726,
    339.601257,
    10519.207674,
    0
  ],
  [
    4054.994324,
    339.601257,
    10518.224524,
    0
  ],
  [
    4055.13134,
    340.392517,
    10518.28539,
    0
  ],
  [
    4055.549836,
    379.473493,
    11790.810314,
    0
  ],
  [
    4055.603516,
    380.67868,
    11709.499996,
    0
  ],
  [
    4055.893568,
    339.172546,
    10519.459134,
    0
  ],
  [
    4055.928068,
    339.77063,
    10523.380249,
    0
  ],
  [
    4056.000876,
    339.172546,
    10516.209595,
    0
  ],
  [
    4056.441115,
    369.861691,
    11594.224405,
    0
  ],
  [
    4056.574108,
    339.172546,
    10522.065278,
    0
  ],
  [
    4056.815674,
    376.608704,
    11711.58984,
    0
  ],
  [
    4057.012616,
    339.929474,
    10523.514103,
    0
  ],
  [
    4057.039306,
    376.608704,
    11706.341795,
    0
  ],
  [
    4057.107529,
    379.473152,
    11789.160519,
    0
  ],
  [
    4057.191663,
    372.988198,
    11594.09244,
    0
  ],
  [
    4057.282619,
    379.474439,
    11792.068526,
    0
  ],
  [
    4057.37722,
    339.172546,
    10520.880162,
    0
  ],
  [
    4057.390208,
    339.929474,
    10522.621805,
    0
  ],
  [
    4057.592434,
    339.77063,
    10521.818553,
    0
  ],
  [
    4057.802652,
    372.98742,
    11603.852356,
    0
  ],
  [
    4057.878853,
    369.860834,
    11597.459247,
    0
  ],
  [
    4057.944742,
    339.172546,
    10519.599927,
    0
  ],
  [
    4057.960534,
    372.987549,
    11599.682942,
    0
  ],
  [
    4057.986548,
    340.401642,
    10521.09676,
    0
  ],
  [
    4058.03766,
    339.610443,
    10521.12462,
    0
  ],
  [
    4058.040039,
    376.608704,
    11709.162106,
    0
  ],
  [
    4058.061313,
    339.594269,
    10517.115592,
    0
  ],
  [
    4058.149619,
    340.385407,
    10517.031017,
    0
  ],
  [
    4058.189178,
    339.172546,
    10517.835283,
    0
  ],
  [
    4058.195798,
    380.67868,
    11708.256831,
    0
  ],
  [
    4058.42092,
    372.987515,
    11595.850463,
    0
  ],
  [
    4058.483108,
    340.40036,
    10520.154055,
    0
  ],
  [
    4058.511562,
    339.610443,
    10520.099578,
    0
  ],
  [
    4059.083641,
    340.384094,
    10517.613309,
    0
  ],
  [
    4059.115801,
    339.594269,
    10517.506929,
    0
  ],
  [
    4059.398925,
    376.608704,
    11707.597654,
    0
  ],
  [
    4060.034955,
    372.986369,
    11603.182603,
    0
  ],
  [
    4060.323457,
    369.859439,
    11601.673742,
    0
  ],
  [
    4060.348488,
    379.476022,
    11794.085777,
    0
  ],
  [
    4060.556587,
    340.1344,
    10557.255774,
    0
  ],
  [
    4061.036791,
    379.475118,
    11791.596332,
    0
  ],
  [
    4061.619322,
    379.475661,
    11792.546563,
    0
  ],
  [
    4061.876493,
    340.1344,
    10554.183468,
    0
  ],
  [
    4062.474968,
    379.476843,
    11794.837301,
    0
  ],
  [
    4064.06701,
    340.134064,
    10555.615304,
    0
  ],
  [
    4064.361844,
    379.475963,
    11791.744934,
    0
  ],
  [
    4064.659407,
    379.477867,
    11796.031534,
    0
  ],
  [
    4065.273854,
    340.13382,
    10557.590621,
    0
  ],
  [
    4066.103238,
    379.476806,
    11792.758943,
    0
  ],
  [
    4066.289823,
    379.478616,
    11796.88588,
    0
  ],
  [
    4067.070251,
    379.477998,
    11795.013095,
    0
  ],
  [
    4067.831339,
    340.060219,
    10510.967453,
    0
  ],
  [
    4067.880016,
    340.060219,
    10510.455782,
    0
  ],
  [
    4068.195984,
    340.060219,
    10511.452096,
    0
  ],
  [
    4068.475425,
    339.111839,
    10509.697686,
    0
  ],
  [
    4068.697829,
    340.060219,
    10511.213575,
    0
  ],
  [
    4069.487147,
    339.111839,
    10508.209538,
    0
  ],
  [
    4069.803528,
    339.7136,
    10509.552579,
    0
  ],
  [
    4069.988319,
    339.111839,
    10510.903238,
    0
  ],
  [
    4070.198444,
    339.915199,
    10509.124958,
    0
  ],
  [
    4070.421539,
    340.317367,
    10510.167539,
    0
  ],
  [
    4070.76376,
    339.915199,
    10508.840217,
    0
  ],
  [
    4070.947218,
    339.7136,
    10510.386819,
    0
  ],
  [
    4071.013481,
    339.915199,
    10508.218732,
    0
  ],
  [
    4071.200161,
    339.915199,
    10509.401714,
    0
  ],
  [
    4071.369186,
    339.111839,
    10506.21953,
    0
  ],
  [
    4071.685387,
    339.111839,
    10511.742724,
    0
  ],
  [
    4071.769404,
    339.915199,
    10508.697215,
    0
  ],
  [
    4072.581507,
    339.111839,
    10507.820367,
    0
  ],
  [
    4072.960985,
    340.060219,
    10506.541745,
    0
  ],
  [
    4073.647481,
    339.640991,
    10506.856325,
    0
  ],
  [
    4073.763716,
    339.7136,
    10509.314058,
    0
  ],
  [
    4074.376933,
    339.111839,
    10508.138594,
    0
  ],
  [
    4087.082372,
    379.619461,
    11736.01492,
    0
  ],
  [
    4087.623938,
    379.619461,
    11737.937431,
    0
  ],
  [
    4087.885822,
    379.619453,
    11740.285236,
    0
  ],
  [
    4088.017115,
    379.619461,
    11734.504947,
    0
  ],
  [
    4088.733537,
    379.619461,
    11736.710611,
    0
  ],
  [
    4089.076845,
    379.619453,
    11738.153778,
    0
  ],
  [
    4100.866692,
    339.257538,
    10460.025097,
    0
  ],
  [
    4102.389752,
    339.253723,
    10457.899116,
    0
  ],
  [
    4103.579119,
    339.248077,
    10455.649782,
    0
  ],
  [
    4103.728938,
    339.251343,
    10461.614534,
    0
  ],
  [
    4105.53548,
    339.249054,
    10460.130265,
    0
  ],
  [
    4105.638967,
    339.241852,
    10454.082997,
    0
  ],
  [
    4106.558889,
    339.241974,
    10458.164621,
    0
  ],
  [
    4107.014101,
    339.244171,
    10463.495333,
    0
  ],
  [
    4109.26897,
    339.236878,
    10466.803304,
    0
  ],
  [
    4109.618209,
    339.242249,
    10460.664033,
    0
  ],
  [
    4109.838917,
    339.233093,
    10457.245911,
    0
  ],
  [
    4110.661909,
    339.237183,
    10464.756344,
    0
  ],
  [
    4111.888656,
    339.230896,
    10468.511208,
    0
  ],
  [
    4113.14294,
    339.231751,
    10459.295741,
    0
  ],
  [
    4113.411378,
    339.230896,
    10466.577671,
    0
  ],
  [
    4113.988126,
    339.233002,
    10464.043551,
    0
  ],
  [
    4115.063342,
    339.23169,
    10460.780496,
    0
  ],
  [
    4116.559075,
    339.230072,
    10463.226743,
    0
  ],
  [
    4120.380458,
    338.947144,
    11048.572336,
    0
  ],
  [
    4121.735068,
    338.947388,
    11050.449403,
    0
  ],
  [
    4123.280848,
    338.947144,
    11039.144602,
    0
  ],
  [
    4124.028831,
    338.947724,
    11051.709234,
    0
  ],
  [
    4124.635458,
    338.947388,
    11041.021669,
    0
  ],
  [
    4125.109514,
    338.947724,
    11048.544848,
    0
  ],
  [
    4126.929221,
    338.947724,
    11042.2815,
    0
  ],
  [
    4128.009904,
    338.947724,
    11039.117114,
    0
  ],
  [
    4129.796418,
    339.397521,
    10433.53611,
    0
  ],
  [
    4131.69885,
    339.39852,
    10430.464918,
    0
  ],
  [
    4131.836599,
    339.399274,
    10437.18959,
    0
  ],
  [
    4134.322684,
    338.420258,
    11060.392177,
    0
  ],
  [
    4134.346614,
    339.399915,
    10426.243902,
    0
  ],
  [
    4134.877873,
    338.35553,
    11057.757713,
    0
  ],
  [
    4135.426125,
    339.59668,
    10277.233427,
    0
  ],
  [
    4135.494853,
    341.174103,
    11056.140172,
    0
  ],
  [
    4135.545074,
    339.401588,
    10434.945193,
    0
  ],
  [
    4135.897512,
    339.401464,
    10431.222118,
    0
  ],
  [
    4135.995078,
    338.368622,
    11056.649465,
    0
  ],
  [
    4136.013678,
    417.740837,
    11762.351259,
    0
  ],
  [
    4136.26008,
    413.46273,
    11763.279954,
    0
  ],
  [
    4136.680394,
    339.401721,
    10428.389632,
    0
  ],
  [
    4136.709952,
    417.740837,
    11761.848612,
    0
  ],
  [
    4137.075591,
    339.602662,
    10274.576558,
    0
  ],
  [
    4137.194249,
    339.40151,
    10422.664279,
    0
  ],
  [
    4137.392912,
    339.59668,
    10278.712953,
    0
  ],
  [
    4137.480424,
    417.756309,
    11756.601062,
    0
  ],
  [
    4139.152899,
    339.602967,
    10275.923821,
    0
  ],
  [
    4139.386057,
    417.740837,
    11759.19699,
    0
  ],
  [
    4139.675521,
    339.403834,
    10429.06368,
    0
  ],
  [
    4139.939183,
    339.598786,
    10279.233435,
    0
  ],
  [
    4140.30546,
    417.742393,
    11767.118578,
    0
  ],
  [
    4140.332812,
    339.609955,
    10272.24898,
    0
  ],
  [
    4140.430028,
    413.46273,
    11761.678133,
    0
  ],
  [
    4140.812731,
    339.595856,
    10281.785663,
    0
  ],
  [
    4142.140392,
    339.617127,
    10268.922968,
    0
  ],
  [
    4143.221091,
    339.608033,
    10274.789743,
    0
  ],
  [
    4143.225251,
    339.597474,
    10280.23612,
    0
  ],
  [
    4143.664307,
    339.614838,
    10270.696194,
    0
  ],
  [
    4143.666048,
    339.623322,
    10266.026222,
    0
  ],
  [
    4144.66711,
    339.597535,
    10278.283306,
    0
  ],
  [
    4145.652134,
    339.607758,
    10271.675819,
    0
  ],
  [
    4145.825239,
    339.619507,
    10267.501823,
    0
  ],
  [
    4146.643262,
    339.598877,
    10274.934695,
    0
  ],
  [
    4148.100362,
    339.613861,
    10268.641082,
    0
  ],
  [
    4148.3952,
    339.148857,
    10395.947167,
    0
  ],
  [
    4149.562796,
    339.148857,
    10394.315674,
    0
  ],
  [
    4149.712383,
    339.607636,
    10270.665725,
    0
  ],
  [
    4152.442871,
    338.543182,
    11058.108399,
    0
  ],
  [
    4153.461917,
    339.45404,
    11062.724611,
    0
  ],
  [
    4153.499024,
    339.082367,
    11061.768555,
    0
  ],
  [
    4154.426593,
    339.148857,
    10401.904691,
    0
  ],
  [
    4154.673829,
    338.543182,
    11061.450195,
    0
  ],
  [
    4154.69043,
    338.543182,
    11058.93164,
    0
  ],
  [
    4155.39502,
    338.543182,
    11063.385742,
    0
  ],
  [
    4156.026367,
    338.543182,
    11060.470702,
    0
  ],
  [
    4156.353062,
    339.148857,
    10399.930107,
    0
  ],
  [
    4156.503909,
    339.45404,
    11063.680664,
    0
  ],
  [
    4156.528809,
    339.356567,
    11058.907226,
    0
  ],
  [
    4156.628907,
    338.543182,
    11058.793945,
    0
  ],
  [
    4156.935899,
    371.834541,
    11616.40258,
    0
  ],
  [
    4156.943792,
    371.833694,
    11619.818844,
    0
  ],
  [
    4157.268556,
    338.543182,
    11062.15625,
    0
  ],
  [
    4157.487796,
    339.45404,
    11064.023436,
    0
  ],
  [
    4157.59961,
    339.356567,
    11059.24121,
    0
  ],
  [
    4157.988362,
    339.148857,
    10401.096394,
    0
  ],
  [
    4160.62793,
    338.543182,
    11062.103516,
    0
  ],
  [
    4160.762696,
    338.543182,
    11064.017576,
    0
  ],
  [
    4161.202637,
    338.543182,
    11060.864257,
    0
  ],
  [
    4161.688787,
    371.835442,
    11618.450088,
    0
  ],
  [
    4161.7664,
    371.836693,
    11615.917706,
    0
  ],
  [
    4162.213869,
    339.356567,
    11065.193356,
    0
  ],
  [
    4162.499025,
    339.356567,
    11064.22656,
    0
  ],
  [
    4163.370607,
    338.543182,
    11063.558593,
    0
  ],
  [
    4165.459472,
    338.543182,
    11056.735349,
    0
  ],
  [
    4177.085843,
    339.242353,
    11079.999806,
    0
  ],
  [
    4177.578224,
    339.242353,
    11079.116074,
    0
  ],
  [
    4177.781586,
    338.440474,
    11080.423946,
    0
  ],
  [
    4178.031416,
    339.048663,
    11078.649786,
    0
  ],
  [
    4178.178989,
    339.048663,
    11077.841198,
    0
  ],
  [
    4178.972911,
    338.440475,
    11077.13517,
    0
  ],
  [
    4179.715721,
    338.885988,
    11078.742903,
    0
  ],
  [
    4179.931724,
    339.242353,
    11082.185055,
    0
  ],
  [
    4180.011324,
    338.440475,
    11076.209251,
    0
  ],
  [
    4180.077931,
    339.389998,
    11079.024478,
    0
  ],
  [
    4180.210176,
    338.882705,
    11077.947037,
    0
  ],
  [
    4180.575582,
    339.39006,
    11078.488374,
    0
  ],
  [
    4180.611864,
    339.398324,
    11079.247886,
    0
  ],
  [
    4180.760793,
    339.242353,
    11082.745346,
    0
  ],
  [
    4180.784189,
    338.882703,
    11077.07857,
    0
  ],
  [
    4180.837009,
    338.440475,
    11074.820642,
    0
  ],
  [
    4181.208221,
    338.893394,
    11079.525305,
    0
  ],
  [
    4181.288358,
    338.955659,
    11082.226705,
    0
  ],
  [
    4181.315609,
    339.048663,
    11076.673737,
    0
  ],
  [
    4181.317353,
    339.392211,
    11077.840817,
    0
  ],
  [
    4181.594781,
    338.440475,
    11081.029497,
    0
  ],
  [
    4181.667711,
    338.876647,
    11078.85393,
    0
  ],
  [
    4182.081072,
    338.440475,
    11078.231313,
    0
  ],
  [
    4182.3192,
    339.394594,
    11076.391787,
    0
  ],
  [
    4182.399285,
    339.048663,
    11077.426319,
    0
  ],
  [
    4183.394277,
    338.440475,
    11078.726066,
    0
  ],
  [
    4184.297506,
    338.440475,
    11076.591475,
    0
  ],
  [
    4188.01123,
    339.21695,
    11057.501954,
    0
  ],
  [
    4188.183594,
    339.21695,
    11056.566407,
    0
  ],
  [
    4188.691406,
    338.460022,
    11058.228515,
    0
  ],
  [
    4188.827637,
    339.678589,
    11055.452148,
    0
  ],
  [
    4188.959962,
    338.888733,
    11055.386719,
    0
  ],
  [
    4189.179688,
    338.888733,
    11054.34961,
    0
  ],
  [
    4189.325196,
    339.679993,
    11054.385742,
    0
  ],
  [
    4189.820801,
    338.460022,
    11052.19043,
    0
  ],
  [
    4190.279785,
    338.460022,
    11055.40918,
    0
  ],
  [
    4190.995117,
    339.058106,
    11059.264649,
    0
  ],
  [
    4191.402832,
    338.460022,
    11057.857422,
    0
  ],
  [
    4191.987793,
    338.460022,
    11056.550782,
    0
  ],
  [
    4192.007324,
    338.881745,
    11052.724611,
    0
  ],
  [
    4192.079591,
    339.672883,
    11052.625978,
    0
  ],
  [
    4192.086425,
    339.21695,
    11059.208008,
    0
  ],
  [
    4192.258302,
    338.460022,
    11053.411134,
    0
  ],
  [
    4192.303222,
    339.21695,
    11058.263672,
    0
  ],
  [
    4192.32422,
    338.460022,
    11055.191407,
    0
  ],
  [
    4192.362794,
    339.058106,
    11057.4375,
    0
  ],
  [
    4192.625489,
    339.689118,
    11056.658205,
    0
  ],
  [
    4192.680664,
    338.897919,
    11056.676758,
    0
  ],
  [
    4192.950684,
    339.687836,
    11055.643555,
    0
  ],
  [
    4192.969239,
    338.897919,
    11055.584962,
    0
  ],
  [
    4193.100586,
    339.67157,
    11053.03711,
    0
  ],
  [
    4193.113771,
    338.881745,
    11052.926759,
    0
  ],
  [
    4194.979223,
    339.250224,
    11056.824527,
    0
  ],
  [
    4195.527915,
    339.250224,
    11056.750634,
    0
  ],
  [
    4195.915968,
    339.250224,
    11057.1265,
    0
  ],
  [
    4196.282412,
    339.250224,
    11057.471865,
    0
  ],
  [
    4196.336568,
    338.440441,
    11054.759033,
    0
  ],
  [
    4196.639558,
    339.529382,
    11052.584551,
    0
  ],
  [
    4196.733634,
    339.058113,
    11079.54333,
    0
  ],
  [
    4196.931448,
    339.250224,
    11057.460646,
    0
  ],
  [
    4197.547624,
    339.250224,
    11057.317116,
    0
  ],
  [
    4197.669189,
    339.259712,
    11080.095421,
    0
  ],
  [
    4197.797757,
    339.250224,
    11052.552834,
    0
  ],
  [
    4197.967251,
    339.250224,
    11057.767294,
    0
  ],
  [
    4198.0257,
    338.440442,
    11056.106736,
    0
  ],
  [
    4198.304668,
    338.456352,
    11078.428878,
    0
  ],
  [
    4198.362274,
    339.250224,
    11053.032439,
    0
  ],
  [
    4198.535248,
    339.259712,
    11080.239564,
    0
  ],
  [
    4198.680157,
    339.250224,
    11058.072946,
    0
  ],
  [
    4198.899291,
    339.250224,
    11052.932577,
    0
  ],
  [
    4198.961706,
    339.058113,
    11074.688396,
    0
  ],
  [
    4199.024056,
    339.058113,
    11074.148426,
    0
  ],
  [
    4199.389747,
    339.250224,
    11057.863546,
    0
  ],
  [
    4199.424457,
    339.259712,
    11080.411148,
    0
  ],
  [
    4199.472449,
    339.250224,
    11053.440799,
    0
  ],
  [
    4199.593828,
    339.259712,
    11079.511024,
    0
  ],
  [
    4199.627833,
    338.456352,
    11076.908641,
    0
  ],
  [
    4199.8926,
    338.440442,
    11055.023904,
    0
  ],
  [
    4200.0398,
    339.250224,
    11058.319385,
    0
  ],
  [
    4200.134535,
    338.456352,
    11074.963546,
    0
  ],
  [
    4200.167883,
    339.250224,
    11053.344084,
    0
  ],
  [
    4200.655854,
    339.045534,
    11058.468428,
    0
  ],
  [
    4200.983081,
    338.456352,
    11079.651878,
    0
  ],
  [
    4201.010631,
    339.250224,
    11053.53664,
    0
  ],
  [
    4201.156776,
    339.259712,
    11076.036248,
    0
  ],
  [
    4201.245337,
    339.250224,
    11058.782193,
    0
  ],
  [
    4201.36225,
    338.456352,
    11077.860097,
    0
  ],
  [
    4201.557024,
    339.259712,
    11075.082249,
    0
  ],
  [
    4201.711294,
    339.250224,
    11058.536528,
    0
  ],
  [
    4201.719497,
    339.058113,
    11080.237576,
    0
  ],
  [
    4201.796062,
    339.058113,
    11074.165386,
    0
  ],
  [
    4201.807688,
    338.955627,
    11053.642683,
    0
  ],
  [
    4201.970127,
    338.440442,
    11056.839315,
    0
  ],
  [
    4202.143825,
    339.250224,
    11058.855304,
    0
  ],
  [
    4202.44408,
    338.456352,
    11075.864144,
    0
  ],
  [
    4202.659128,
    338.440442,
    11054.188668,
    0
  ],
  [
    4202.813487,
    338.975639,
    11074.625465,
    0
  ],
  [
    4203.469238,
    339.20694,
    11000.816407,
    0
  ],
  [
    4203.633126,
    339.045538,
    11055.179203,
    0
  ],
  [
    4203.641602,
    339.20694,
    10999.88086,
    0
  ],
  [
    4203.64753,
    339.388393,
    11054.45401,
    0
  ],
  [
    4204.149414,
    338.450012,
    11001.542968,
    0
  ],
  [
    4204.285645,
    339.668579,
    10998.766601,
    0
  ],
  [
    4204.41797,
    338.878723,
    10998.701172,
    0
  ],
  [
    4204.637696,
    338.878723,
    10997.664063,
    0
  ],
  [
    4204.783204,
    339.669983,
    10997.700195,
    0
  ],
  [
    4205.239525,
    339.237438,
    11024.495106,
    0
  ],
  [
    4205.278809,
    338.450012,
    10995.504883,
    0
  ],
  [
    4205.358259,
    339.630531,
    11020.002226,
    0
  ],
  [
    4205.514185,
    338.840938,
    11019.859297,
    0
  ],
  [
    4205.737793,
    338.450012,
    10998.723633,
    0
  ],
  [
    4205.947685,
    339.237438,
    11024.700224,
    0
  ],
  [
    4206.060542,
    339.631317,
    11019.863792,
    0
  ],
  [
    4206.123635,
    338.427654,
    11022.760495,
    0
  ],
  [
    4206.420111,
    338.427654,
    11020.940481,
    0
  ],
  [
    4206.453125,
    339.048096,
    11002.579102,
    0
  ],
  [
    4206.548744,
    339.237438,
    11024.638342,
    0
  ],
  [
    4206.665206,
    338.840938,
    11020.070486,
    0
  ],
  [
    4206.86084,
    338.450012,
    11001.171875,
    0
  ],
  [
    4206.879132,
    339.15633,
    11025.171803,
    0
  ],
  [
    4206.889357,
    339.632374,
    11020.16427,
    0
  ],
  [
    4207.101724,
    339.155403,
    11024.696753,
    0
  ],
  [
    4207.445801,
    338.450012,
    10999.865235,
    0
  ],
  [
    4207.465332,
    338.871735,
    10996.039064,
    0
  ],
  [
    4207.537599,
    339.662873,
    10995.940431,
    0
  ],
  [
    4207.544433,
    339.20694,
    11002.522461,
    0
  ],
  [
    4207.652827,
    339.237438,
    11025.164627,
    0
  ],
  [
    4207.657773,
    338.840938,
    11020.33762,
    0
  ],
  [
    4207.71631,
    338.450012,
    10996.725587,
    0
  ],
  [
    4207.76123,
    339.20694,
    11001.578125,
    0
  ],
  [
    4207.782228,
    338.450012,
    10998.50586,
    0
  ],
  [
    4207.820802,
    339.048096,
    11000.751953,
    0
  ],
  [
    4207.974821,
    339.631046,
    11020.586661,
    0
  ],
  [
    4208.083497,
    339.679108,
    10999.972658,
    0
  ],
  [
    4208.138672,
    338.887909,
    10999.991211,
    0
  ],
  [
    4208.220635,
    338.840938,
    11020.682271,
    0
  ],
  [
    4208.256435,
    338.427654,
    11023.55914,
    0
  ],
  [
    4208.317713,
    339.259712,
    11083.187109,
    0
  ],
  [
    4208.390677,
    339.237438,
    11025.338636,
    0
  ],
  [
    4208.408692,
    339.677826,
    10998.958008,
    0
  ],
  [
    4208.427247,
    338.887909,
    10998.899415,
    0
  ],
  [
    4208.558594,
    339.66156,
    10996.351563,
    0
  ],
  [
    4208.571779,
    338.871735,
    10996.241212,
    0
  ],
  [
    4208.646393,
    338.427654,
    11021.080441,
    0
  ],
  [
    4208.652371,
    339.259712,
    11082.055186,
    0
  ],
  [
    4208.831534,
    339.632053,
    11020.610786,
    0
  ],
  [
    4208.964747,
    339.058113,
    11081.384589,
    0
  ],
  [
    4208.974837,
    338.840938,
    11020.652254,
    0
  ],
  [
    4209.571801,
    338.456352,
    11082.51482,
    0
  ],
  [
    4209.572441,
    339.630619,
    11025.466274,
    0
  ],
  [
    4209.646505,
    338.840938,
    11025.680036,
    0
  ],
  [
    4209.682767,
    338.427654,
    11022.194416,
    0
  ],
  [
    4209.972892,
    338.985504,
    11083.633001,
    0
  ],
  [
    4209.984369,
    339.375645,
    11020.845306,
    0
  ],
  [
    4210.315963,
    339.631515,
    11025.558909,
    0
  ],
  [
    4210.411071,
    338.456352,
    11080.763667,
    0
  ],
  [
    4210.841582,
    338.840938,
    11025.756495,
    0
  ],
  [
    4210.850254,
    339.404732,
    11083.73064,
    0
  ],
  [
    4211.014067,
    338.456352,
    11078.027118,
    0
  ],
  [
    4211.027795,
    339.632389,
    11025.701372,
    0
  ],
  [
    4211.045591,
    339.237438,
    11021.065203,
    0
  ],
  [
    4211.307267,
    338.456352,
    11081.894479,
    0
  ],
  [
    4211.695637,
    339.017654,
    11026.39694,
    0
  ],
  [
    4211.782596,
    338.427654,
    11022.953037,
    0
  ],
  [
    4211.922204,
    338.427654,
    11025.315918,
    0
  ],
  [
    4211.986677,
    339.237438,
    11021.264536,
    0
  ],
  [
    4212.292753,
    338.456352,
    11080.141647,
    0
  ],
  [
    4212.589522,
    338.456352,
    11083.075218,
    0
  ],
  [
    4213.25301,
    339.404732,
    11077.605949,
    0
  ],
  [
    4213.328166,
    339.259712,
    11081.360015,
    0
  ],
  [
    4213.407083,
    339.259712,
    11081.956291,
    0
  ],
  [
    4213.480657,
    339.404732,
    11078.06929,
    0
  ],
  [
    4213.70184,
    339.259712,
    11080.917934,
    0
  ],
  [
    4213.783161,
    339.058113,
    11080.085018,
    0
  ],
  [
    4213.858541,
    339.058083,
    11048.897863,
    0
  ],
  [
    4213.993241,
    338.456352,
    11079.188389,
    0
  ],
  [
    4214.066586,
    339.404732,
    11078.008876,
    0
  ],
  [
    4214.327095,
    339.259682,
    11048.267573,
    0
  ],
  [
    4214.414062,
    339.259682,
    11047.574185,
    0
  ],
  [
    4214.786504,
    339.259682,
    11046.994913,
    0
  ],
  [
    4214.98761,
    338.456322,
    11049.84498,
    0
  ],
  [
    4215.398585,
    339.058083,
    11045.350871,
    0
  ],
  [
    4215.544826,
    339.404702,
    11044.552164,
    0
  ],
  [
    4215.752308,
    338.977478,
    11003.635667,
    0
  ],
  [
    4215.91584,
    338.456322,
    11048.000551,
    0
  ],
  [
    4216.079874,
    338.448326,
    11001.288323,
    0
  ],
  [
    4216.312182,
    338.456322,
    11050.580388,
    0
  ],
  [
    4216.421544,
    339.050087,
    11004.019494,
    0
  ],
  [
    4216.646352,
    339.251686,
    11003.392736,
    0
  ],
  [
    4216.945225,
    339.658615,
    11001.474262,
    0
  ],
  [
    4216.95994,
    339.251686,
    11002.340628,
    0
  ],
  [
    4217.224842,
    339.050087,
    11000.564495,
    0
  ],
  [
    4217.239156,
    339.658615,
    11001.050161,
    0
  ],
  [
    4217.38567,
    339.050087,
    11001.577118,
    0
  ],
  [
    4217.536712,
    338.456322,
    11048.873515,
    0
  ],
  [
    4217.806153,
    339.259682,
    11051.212104,
    0
  ],
  [
    4217.888789,
    338.448326,
    11002.858917,
    0
  ],
  [
    4217.938826,
    339.404702,
    11044.910357,
    0
  ],
  [
    4217.971587,
    339.259682,
    11050.653421,
    0
  ],
  [
    4218.070276,
    339.050087,
    10997.308961,
    0
  ],
  [
    4218.088944,
    338.448326,
    10998.895288,
    0
  ],
  [
    4218.103159,
    339.058083,
    11050.11133,
    0
  ],
  [
    4218.261298,
    339.404702,
    11045.508697,
    0
  ],
  [
    4218.282297,
    338.456322,
    11046.960156,
    0
  ],
  [
    4218.898706,
    339.396706,
    10997.853068,
    0
  ],
  [
    4218.966716,
    338.448326,
    11000.698252,
    0
  ],
  [
    4219.642309,
    339.050087,
    10998.074104,
    0
  ],
  [
    4220.139644,
    339.251686,
    10998.128153,
    0
  ],
  [
    4221.104667,
    339.251686,
    10998.35572,
    0
  ],
  [
    4294.024366,
    339.01727,
    10120.988471,
    0
  ],
  [
    4298.548712,
    339.01727,
    10111.877156,
    0
  ],
  [
    4300.259163,
    339.01727,
    10121.868448,
    0
  ],
  [
    4302.44764,
    339.01727,
    10109.64152,
    0
  ],
  [
    4304.428358,
    339.01727,
    10114.218119,
    0
  ],
  [
    4307.862402,
    339.01727,
    10105.972815,
    0
  ],
  [
    4308.930459,
    339.01727,
    10113.318567,
    0
  ],
  [
    4314.161418,
    339.01727,
    10111.664518,
    0
  ],
  [
    4355.096256,
    338.700562,
    10956.570266,
    0
  ],
  [
    4355.235092,
    338.700562,
    10947.574365,
    0
  ],
  [
    4355.932602,
    338.700562,
    10964.008833,
    0
  ],
  [
    4356.179521,
    338.700562,
    10968.680561,
    0
  ],
  [
    4364.399128,
    338.700562,
    10969.593139,
    0
  ],
  [
    4364.708584,
    338.700562,
    10962.048376,
    0
  ],
  [
    4364.726224,
    338.700562,
    10951.734863,
    0
  ],
  [
    4387.542403,
    339.320811,
    10231.265064,
    0
  ],
  [
    4391.375169,
    339.555453,
    10230.913565,
    0
  ],
  [
    4391.912477,
    339.552342,
    10232.425905,
    0
  ],
  [
    4393.737856,
    338.700806,
    10883.493041,
    0
  ],
  [
    4393.768005,
    339.571299,
    10231.110152,
    0
  ],
  [
    4395.645448,
    338.700806,
    10893.678934,
    0
  ],
  [
    4396.831935,
    339.595555,
    10230.488252,
    0
  ],
  [
    4399.81464,
    339.61602,
    10230.576243,
    0
  ],
  [
    4402.270006,
    338.700806,
    10877.69897,
    0
  ],
  [
    4403.157094,
    338.700806,
    10888.727097,
    0
  ],
  [
    4403.82158,
    338.567017,
    10982.70813,
    0
  ],
  [
    4404.057136,
    338.567017,
    10973.714242,
    0
  ],
  [
    4404.577895,
    338.567017,
    10990.15526,
    0
  ],
  [
    4404.774566,
    338.567017,
    10994.829373,
    0
  ],
  [
    4408.678648,
    338.700806,
    10873.70541,
    0
  ],
  [
    4408.832661,
    338.700806,
    10883.846555,
    0
  ],
  [
    4412.553916,
    338.700806,
    10881.01137,
    0
  ],
  [
    4412.983886,
    338.567017,
    10995.830279,
    0
  ],
  [
    4413.374449,
    338.567017,
    10988.289279,
    0
  ],
  [
    4413.502984,
    338.567017,
    10977.976553,
    0
  ],
  [
    4413.522988,
    339.188866,
    9801.283296,
    0
  ],
  [
    4415.318434,
    339.188866,
    9802.183744,
    0
  ],
  [
    4416.917722,
    339.188866,
    9799.935958,
    0
  ],
  [
    4422.892547,
    339.188866,
    9806.68512,
    0
  ],
  [
    4423.794875,
    339.188866,
    9804.893234,
    0
  ],
  [
    4424.805103,
    338.93235,
    10808.434029,
    0
  ],
  [
    4425.139991,
    338.93235,
    10801.390396,
    0
  ],
  [
    4425.297328,
    338.93235,
    10805.937691,
    0
  ],
  [
    4426.641303,
    338.890717,
    10795.902779,
    0
  ],
  [
    4427.225722,
    338.997757,
    10802.96843,
    0
  ],
  [
    4428.724873,
    338.93235,
    10804.587265,
    0
  ],
  [
    4429.164013,
    338.93235,
    10802.823791,
    0
  ],
  [
    4434.770886,
    338.755104,
    10945.042893,
    0
  ],
  [
    4435.169065,
    338.755112,
    10946.471894,
    0
  ],
  [
    4435.879631,
    338.755104,
    10942.8675,
    0
  ],
  [
    4435.969208,
    338.755112,
    10948.648585,
    0
  ],
  [
    4436.230997,
    338.755112,
    10945.203589,
    0
  ],
  [
    4436.845596,
    338.755112,
    10947.104012,
    0
  ],
  [
    4440.696352,
    338.64563,
    10914.218627,
    0
  ],
  [
    4442.603944,
    338.64563,
    10924.40452,
    0
  ],
  [
    4442.748944,
    341.441589,
    9942.509864,
    0
  ],
  [
    4442.948754,
    341.78331,
    9942.072465,
    0
  ],
  [
    4443.048569,
    341.124267,
    9942.116028,
    0
  ],
  [
    4444.68547,
    341.631363,
    9940.843994,
    0
  ],
  [
    4444.792676,
    341.494888,
    9941.51773,
    0
  ],
  [
    4445.818521,
    342.03244,
    9941.746628,
    0
  ],
  [
    4446.327596,
    342.03244,
    9941.876165,
    0
  ],
  [
    4446.547151,
    339.176928,
    9645.155954,
    0
  ],
  [
    4447.500261,
    339.231873,
    9574.45845,
    0
  ],
  [
    4448.067284,
    339.170448,
    9646.089135,
    0
  ],
  [
    4448.251405,
    339.169435,
    9643.635183,
    0
  ],
  [
    4449.228502,
    338.64563,
    10908.424556,
    0
  ],
  [
    4449.633709,
    339.231873,
    9574.988334,
    0
  ],
  [
    4450.11559,
    338.64563,
    10919.452683,
    0
  ],
  [
    4452.46867,
    339.231873,
    9583.881008,
    0
  ],
  [
    4453.065986,
    339.231873,
    9572.774897,
    0
  ],
  [
    4453.839778,
    339.169292,
    9641.865859,
    0
  ],
  [
    4454.004233,
    339.231873,
    9569.428491,
    0
  ],
  [
    4454.327445,
    339.231873,
    9576.051397,
    0
  ],
  [
    4455.008764,
    339.148857,
    9681.16787,
    0
  ],
  [
    4455.637144,
    338.64563,
    10904.430996,
    0
  ],
  [
    4455.791157,
    338.64563,
    10914.572141,
    0
  ],
  [
    4455.829648,
    339.169292,
    9640.647279,
    0
  ],
  [
    4455.869901,
    339.148857,
    9679.355829,
    0
  ],
  [
    4457.905511,
    339.231873,
    9582.339447,
    0
  ],
  [
    4458.58111,
    339.231873,
    9571.989591,
    0
  ],
  [
    4458.647007,
    339.231873,
    9592.797212,
    0
  ],
  [
    4459.172304,
    340.010042,
    10728.387782,
    0
  ],
  [
    4459.512412,
    338.64563,
    10911.736956,
    0
  ],
  [
    4459.745437,
    340.010042,
    10727.340085,
    0
  ],
  [
    4460.271481,
    340.010042,
    10726.328597,
    0
  ],
  [
    4460.600864,
    339.231873,
    9570.084494,
    0
  ],
  [
    4461.103492,
    339.231873,
    9572.632325,
    0
  ],
  [
    4461.997421,
    339.148857,
    9685.96667,
    0
  ],
  [
    4462.028488,
    339.231873,
    9581.900601,
    0
  ],
  [
    4463.544917,
    339.148857,
    9683.682919,
    0
  ],
  [
    4465.360474,
    339.148857,
    9684.542096,
    0
  ],
  [
    4470.428542,
    339.015915,
    10829.734431,
    0
  ],
  [
    4471.077488,
    339.015915,
    10831.623402,
    0
  ],
  [
    4471.27679,
    339.015915,
    10828.174226,
    0
  ],
  [
    4471.47114,
    339.015907,
    10833.952738,
    0
  ],
  [
    4472.116256,
    339.015915,
    10830.336056,
    0
  ],
  [
    4472.540272,
    339.015907,
    10831.757605,
    0
  ],
  [
    4472.825835,
    339.028633,
    9645.254509,
    0
  ],
  [
    4473.279935,
    339.028633,
    9643.494829,
    0
  ],
  [
    4474.765285,
    339.09404,
    9645.126336,
    0
  ],
  [
    4475.289679,
    338.987,
    9652.196695,
    0
  ],
  [
    4476.610963,
    342.61538,
    9515.157944,
    0
  ],
  [
    4476.718825,
    339.028633,
    9642.173559,
    0
  ],
  [
    4476.837539,
    339.028633,
    9646.722025,
    0
  ],
  [
    4477.232232,
    339.028633,
    9639.68149,
    0
  ],
  [
    4478.958541,
    342.61538,
    9505.82473,
    0
  ],
  [
    4479.33141,
    339.282395,
    9515.814645,
    0
  ],
  [
    4479.350453,
    342.61538,
    9508.674728,
    0
  ],
  [
    4479.624626,
    342.61538,
    9512.496716,
    0
  ],
  [
    4482.204603,
    339.282395,
    9511.342522,
    0
  ],
  [
    4482.552722,
    342.61538,
    9514.220519,
    0
  ],
  [
    4482.684956,
    342.61538,
    9507.700468,
    0
  ],
  [
    4482.796876,
    339.282395,
    9514.365992,
    0
  ],
  [
    4484.329789,
    339.389733,
    9766.880179,
    0
  ],
  [
    4485.3844,
    342.851433,
    9546.816147,
    0
  ],
  [
    4485.3895,
    342.61538,
    9519.552191,
    0
  ],
  [
    4485.685959,
    339.282395,
    9515.996229,
    0
  ],
  [
    4485.914557,
    339.388482,
    9764.903442,
    0
  ],
  [
    4486.308152,
    339.416547,
    9710.562129,
    0
  ],
  [
    4487.731978,
    342.851433,
    9537.482933,
    0
  ],
  [
    4487.89315,
    339.282395,
    9514.871504,
    0
  ],
  [
    4488.104847,
    339.518448,
    9547.472848,
    0
  ],
  [
    4488.12389,
    342.851433,
    9540.332931,
    0
  ],
  [
    4488.297976,
    339.282395,
    9517.520911,
    0
  ],
  [
    4488.320366,
    342.61538,
    9517.552443,
    0
  ],
  [
    4488.398063,
    342.851433,
    9544.154919,
    0
  ],
  [
    4488.40168,
    342.61538,
    9514.749005,
    0
  ],
  [
    4488.480986,
    339.387581,
    9769.397401,
    0
  ],
  [
    4489.046827,
    339.418861,
    9713.922154,
    0
  ],
  [
    4489.642138,
    339.414794,
    9708.033336,
    0
  ],
  [
    4489.710616,
    339.282395,
    9524.028247,
    0
  ],
  [
    4490.528923,
    339.386734,
    9766.663014,
    0
  ],
  [
    4490.852644,
    342.61538,
    9512.447659,
    0
  ],
  [
    4490.97804,
    339.518448,
    9543.000725,
    0
  ],
  [
    4491.326159,
    342.851433,
    9545.878722,
    0
  ],
  [
    4491.458393,
    342.851433,
    9539.358671,
    0
  ],
  [
    4491.570313,
    339.518448,
    9546.024195,
    0
  ],
  [
    4491.852705,
    339.282395,
    9519.611009,
    0
  ],
  [
    4491.890536,
    342.61538,
    9519.629468,
    0
  ],
  [
    4492.782718,
    339.418737,
    9713.75301,
    0
  ],
  [
    4492.948209,
    339.415793,
    9709.489828,
    0
  ],
  [
    4493.955585,
    339.047586,
    9690.504399,
    0
  ],
  [
    4494.162937,
    342.851433,
    9551.210394,
    0
  ],
  [
    4494.459396,
    339.518448,
    9547.654432,
    0
  ],
  [
    4494.565591,
    342.61538,
    9516.599652,
    0
  ],
  [
    4494.768814,
    339.046837,
    9688.85309,
    0
  ],
  [
    4494.960595,
    342.61538,
    9514.796833,
    0
  ],
  [
    4495.266603,
    339.282395,
    9517.508998,
    0
  ],
  [
    4495.329225,
    342.61538,
    9580.124741,
    0
  ],
  [
    4495.445948,
    339.421107,
    9717.193856,
    0
  ],
  [
    4495.696595,
    339.418994,
    9714.134067,
    0
  ],
  [
    4495.847335,
    339.046968,
    9691.237662,
    0
  ],
  [
    4495.907943,
    339.045813,
    9686.639417,
    0
  ],
  [
    4496.15457,
    342.61538,
    9522.058888,
    0
  ],
  [
    4496.33408,
    339.282395,
    9522.175213,
    0
  ],
  [
    4496.605954,
    339.044992,
    9684.494775,
    0
  ],
  [
    4496.666587,
    339.518448,
    9546.529707,
    0
  ],
  [
    4497.071413,
    339.518448,
    9549.179114,
    0
  ],
  [
    4497.093803,
    342.851433,
    9549.210646,
    0
  ],
  [
    4497.175117,
    342.851433,
    9546.407208,
    0
  ],
  [
    4497.496644,
    339.417188,
    9711.524371,
    0
  ],
  [
    4497.676803,
    342.61538,
    9570.791527,
    0
  ],
  [
    4498.049672,
    339.282395,
    9580.781442,
    0
  ],
  [
    4498.068715,
    342.61538,
    9573.641525,
    0
  ],
  [
    4498.076551,
    339.045776,
    9690.214477,
    0
  ],
  [
    4498.176525,
    339.044631,
    9685.726647,
    0
  ],
  [
    4498.202152,
    339.05304,
    10702.418944,
    0
  ],
  [
    4498.342888,
    342.61538,
    9577.463513,
    0
  ],
  [
    4498.484053,
    339.518448,
    9555.68645,
    0
  ],
  [
    4498.54576,
    339.043409,
    9681.379329,
    0
  ],
  [
    4498.67537,
    339.282395,
    9527.882181,
    0
  ],
  [
    4498.878881,
    342.61538,
    9526.866116,
    0
  ],
  [
    4498.927024,
    339.282395,
    9519.81545,
    0
  ],
  [
    4499.046613,
    339.044933,
    9688.448224,
    0
  ],
  [
    4499.099123,
    339.05304,
    10711.371092,
    0
  ],
  [
    4499.111863,
    339.044088,
    9685.120492,
    0
  ],
  [
    4499.489156,
    339.282395,
    9526.349621,
    0
  ],
  [
    4499.626081,
    342.851433,
    9544.105862,
    0
  ],
  [
    4499.760164,
    339.042463,
    9679.615566,
    0
  ],
  [
    4500.437536,
    339.282395,
    9524.887157,
    0
  ],
  [
    4500.626142,
    339.518448,
    9551.269212,
    0
  ],
  [
    4500.663973,
    342.851433,
    9551.287671,
    0
  ],
  [
    4500.701778,
    342.61538,
    9524.745392,
    0
  ],
  [
    4500.785646,
    339.05304,
    10718.664061,
    0
  ],
  [
    4500.922865,
    339.282395,
    9576.309319,
    0
  ],
  [
    4501.270984,
    342.61538,
    9579.187316,
    0
  ],
  [
    4501.308496,
    342.61538,
    9518.471379,
    0
  ],
  [
    4501.403218,
    342.61538,
    9572.667265,
    0
  ],
  [
    4501.437745,
    339.418783,
    9713.846106,
    0
  ],
  [
    4501.448468,
    339.042122,
    9681.131436,
    0
  ],
  [
    4501.500018,
    339.047586,
    9677.078617,
    0
  ],
  [
    4501.515138,
    339.282395,
    9579.332789,
    0
  ],
  [
    4501.56836,
    339.05304,
    10723.276367,
    0
  ],
  [
    4501.648062,
    342.61538,
    9521.719659,
    0
  ],
  [
    4502.313247,
    339.046837,
    9675.427308,
    0
  ],
  [
    4503.339028,
    342.851433,
    9548.257855,
    0
  ],
  [
    4503.391768,
    339.046968,
    9677.81188,
    0
  ],
  [
    4503.452376,
    339.045813,
    9673.213635,
    0
  ],
  [
    4503.734032,
    342.851433,
    9546.455036,
    0
  ],
  [
    4504.04004,
    339.518448,
    9549.167201,
    0
  ],
  [
    4504.107762,
    342.61538,
    9584.518988,
    0
  ],
  [
    4504.150387,
    339.044992,
    9671.068993,
    0
  ],
  [
    4504.404221,
    339.282395,
    9580.963026,
    0
  ],
  [
    4504.928007,
    342.851433,
    9553.717091,
    0
  ],
  [
    4505.107517,
    339.518448,
    9553.833416,
    0
  ],
  [
    4505.620984,
    339.045776,
    9676.788695,
    0
  ],
  [
    4505.720958,
    339.044631,
    9672.300865,
    0
  ],
  [
    4506.090193,
    339.043409,
    9667.953547,
    0
  ],
  [
    4506.591046,
    339.044933,
    9675.022442,
    0
  ],
  [
    4506.611412,
    339.282395,
    9579.838301,
    0
  ],
  [
    4506.656296,
    339.044088,
    9671.69471,
    0
  ],
  [
    4507.016238,
    339.282395,
    9582.487708,
    0
  ],
  [
    4507.038628,
    342.61538,
    9582.51924,
    0
  ],
  [
    4507.119942,
    342.61538,
    9579.715802,
    0
  ],
  [
    4507.304597,
    339.042463,
    9666.189784,
    0
  ],
  [
    4507.448807,
    339.518448,
    9559.540384,
    0
  ],
  [
    4507.652318,
    342.851433,
    9558.524319,
    0
  ],
  [
    4507.700461,
    339.518448,
    9551.473653,
    0
  ],
  [
    4508.108893,
    339.05304,
    10705.459964,
    0
  ],
  [
    4508.262593,
    339.518448,
    9558.007824,
    0
  ],
  [
    4508.428878,
    339.282395,
    9588.995044,
    0
  ],
  [
    4508.655057,
    339.176928,
    9661.896933,
    0
  ],
  [
    4508.992901,
    339.042122,
    9667.705654,
    0
  ],
  [
    4509.210973,
    339.518448,
    9556.54536,
    0
  ],
  [
    4509.277833,
    339.05304,
    10715.707033,
    0
  ],
  [
    4509.475215,
    342.851433,
    9556.403595,
    0
  ],
  [
    4509.570906,
    342.61538,
    9577.414456,
    0
  ],
  [
    4509.838379,
    339.05304,
    10723.237305,
    0
  ],
  [
    4510.081933,
    342.851433,
    9550.129582,
    0
  ],
  [
    4510.178772,
    339.170448,
    9662.824254,
    0
  ],
  [
    4510.353442,
    339.169435,
    9660.369611,
    0
  ],
  [
    4510.421499,
    342.851433,
    9553.377862,
    0
  ],
  [
    4510.570967,
    339.282395,
    9584.577806,
    0
  ],
  [
    4510.608798,
    342.61538,
    9584.596265,
    0
  ],
  [
    4513.283853,
    342.61538,
    9581.566449,
    0
  ],
  [
    4513.678857,
    342.61538,
    9579.76363,
    0
  ],
  [
    4513.984865,
    339.282395,
    9582.475795,
    0
  ],
  [
    4514.872832,
    342.61538,
    9587.025685,
    0
  ],
  [
    4515.052342,
    339.282395,
    9587.14201,
    0
  ],
  [
    4515.400891,
    339.34742,
    9389.326362,
    0
  ],
  [
    4515.666764,
    340.006105,
    9647.714607,
    0
  ],
  [
    4515.93496,
    339.169292,
    9658.57878,
    0
  ],
  [
    4516.701337,
    340.006105,
    9648.311105,
    0
  ],
  [
    4517.393632,
    339.282395,
    9592.848978,
    0
  ],
  [
    4517.597143,
    342.61538,
    9591.832913,
    0
  ],
  [
    4517.645286,
    339.282395,
    9584.782247,
    0
  ],
  [
    4517.700766,
    340.006105,
    9648.859713,
    0
  ],
  [
    4517.729455,
    339.346573,
    9391.826104,
    0
  ],
  [
    4517.920123,
    339.169292,
    9657.352546,
    0
  ],
  [
    4518.207418,
    339.282395,
    9591.316418,
    0
  ],
  [
    4518.613371,
    339.349572,
    9385.686469,
    0
  ],
  [
    4519.155798,
    339.282395,
    9589.853954,
    0
  ],
  [
    4519.42004,
    342.61538,
    9589.712189,
    0
  ],
  [
    4520.026758,
    342.61538,
    9583.438176,
    0
  ],
  [
    4520.278268,
    339.348321,
    9387.596207,
    0
  ],
  [
    4520.366324,
    342.61538,
    9586.686456,
    0
  ],
  [
    4529.962502,
    339.046968,
    9649.384995,
    0
  ],
  [
    4530.72491,
    339.047586,
    9647.504802,
    0
  ],
  [
    4530.951116,
    339.045776,
    9651.629757,
    0
  ],
  [
    4532.363455,
    339.046837,
    9648.343452,
    0
  ],
  [
    4532.702168,
    339.044933,
    9652.626997,
    0
  ],
  [
    4534.559261,
    339.045813,
    9649.516653,
    0
  ],
  [
    4535.436865,
    339.044631,
    9651.79907,
    0
  ],
  [
    4536.028494,
    339.044088,
    9652.743662,
    0
  ],
  [
    4536.69286,
    339.044992,
    9650.247722,
    0
  ],
  [
    4537.774241,
    347.549994,
    9615.993001,
    0
  ],
  [
    4538.094443,
    344.849997,
    9606.838529,
    0
  ],
  [
    4538.635155,
    347.549994,
    9617.822535,
    0
  ],
  [
    4539.593338,
    344.849997,
    9604.177998,
    0
  ],
  [
    4539.777959,
    339.043409,
    9652.235439,
    0
  ],
  [
    4539.980966,
    339.042122,
    9655.141632,
    0
  ],
  [
    4540.303333,
    344.849997,
    9612.736252,
    0
  ],
  [
    4541.167502,
    347.549994,
    9613.106816,
    0
  ],
  [
    4541.522744,
    339.042463,
    9653.476954,
    0
  ],
  [
    4543.508722,
    344.849997,
    9599.937088,
    0
  ],
  [
    4543.581157,
    347.549994,
    9608.731428,
    0
  ],
  [
    4544.052262,
    344.849997,
    9601.96967,
    0
  ],
  [
    4544.969175,
    347.549994,
    9604.335601,
    0
  ],
  [
    4545.149275,
    344.849997,
    9606.442493,
    0
  ],
  [
    4545.281252,
    354.327438,
    10840.449951,
    0
  ],
  [
    4545.514648,
    339.547447,
    10870.766601,
    0
  ],
  [
    4545.806917,
    344.849997,
    9603.304168,
    0
  ],
  [
    4545.82007,
    342.276398,
    10590.183598,
    0
  ],
  [
    4546.298448,
    339.433655,
    9537.559716,
    0
  ],
  [
    4546.644049,
    354.327438,
    10839.308343,
    0
  ],
  [
    4546.67383,
    340.205094,
    10585.251463,
    0
  ],
  [
    4547.198241,
    344.916199,
    10582.25293,
    0
  ],
  [
    4547.404515,
    347.549994,
    9600.319234,
    0
  ],
  [
    4548.120076,
    339.435273,
    9539.773991,
    0
  ],
  [
    4548.359622,
    344.912133,
    10591.130864,
    0
  ],
  [
    4548.730699,
    339.436585,
    9536.39305,
    0
  ],
  [
    4548.86499,
    344.916199,
    10586.058105,
    0
  ],
  [
    4548.921638,
    344.849997,
    9600.273441,
    0
  ],
  [
    4548.949153,
    339.434479,
    9533.803325,
    0
  ],
  [
    4549.058595,
    344.912133,
    10593.695804,
    0
  ],
  [
    4549.662615,
    347.549994,
    9598.489861,
    0
  ],
  [
    4550.049639,
    347.549994,
    9595.122316,
    0
  ],
  [
    4550.187959,
    339.434479,
    9531.676683,
    0
  ],
  [
    4550.228426,
    339.435334,
    9540.977028,
    0
  ],
  [
    4550.280519,
    344.916199,
    10581.036619,
    0
  ],
  [
    4550.282474,
    354.327438,
    10837.904299,
    0
  ],
  [
    4550.384523,
    344.912133,
    10588.782228,
    0
  ],
  [
    4550.596791,
    344.849997,
    9597.00946,
    0
  ],
  [
    4550.738892,
    339.025666,
    10729.393494,
    0
  ],
  [
    4551.433375,
    344.849997,
    9594.008621,
    0
  ],
  [
    4551.621019,
    339.025666,
    10738.347116,
    0
  ],
  [
    4551.80713,
    344.912133,
    10591.501952,
    0
  ],
  [
    4551.925343,
    339.440766,
    9535.224275,
    0
  ],
  [
    4551.934327,
    344.916199,
    10586.187987,
    0
  ],
  [
    4552.195558,
    339.547447,
    10870.00513,
    0
  ],
  [
    4552.52295,
    354.327438,
    10838.473875,
    0
  ],
  [
    4552.855942,
    339.451978,
    9607.622861,
    0
  ],
  [
    4552.930899,
    344.849997,
    9597.403547,
    0
  ],
  [
    4553.019845,
    339.440461,
    9533.003376,
    0
  ],
  [
    4553.112853,
    344.849997,
    9589.735479,
    0
  ],
  [
    4553.240967,
    352.609856,
    10578.036622,
    0
  ],
  [
    4553.295448,
    339.025666,
    10745.642872,
    0
  ],
  [
    4553.312257,
    339.244904,
    10578.052736,
    0
  ],
  [
    4553.325718,
    347.549994,
    9590.109453,
    0
  ],
  [
    4553.528426,
    339.445832,
    9539.131505,
    0
  ],
  [
    4553.553963,
    354.327438,
    10836.59741,
    0
  ],
  [
    4553.595704,
    344.916199,
    10583.13086,
    0
  ],
  [
    4553.643556,
    339.244904,
    10586.907229,
    0
  ],
  [
    4553.694495,
    339.046968,
    10532.297071,
    0
  ],
  [
    4553.698488,
    339.547447,
    10868.020018,
    0
  ],
  [
    4553.785575,
    339.436676,
    9542.547079,
    0
  ],
  [
    4553.852542,
    344.912133,
    10594.211429,
    0
  ],
  [
    4553.952638,
    339.244904,
    10589.234378,
    0
  ],
  [
    4554.070512,
    339.025666,
    10750.25647,
    0
  ],
  [
    4554.162846,
    354.327438,
    10839.957517,
    0
  ],
  [
    4554.538845,
    339.047586,
    10530.452223,
    0
  ],
  [
    4554.583443,
    339.045776,
    10534.583134,
    0
  ],
  [
    4554.681246,
    340.76623,
    9578.87934,
    0
  ],
  [
    4554.699222,
    339.244904,
    10591.912113,
    0
  ],
  [
    4554.742432,
    352.609856,
    10581.091309,
    0
  ],
  [
    4554.868467,
    344.849997,
    9599.37506,
    0
  ],
  [
    4554.927492,
    344.912133,
    10595.350585,
    0
  ],
  [
    4555.488394,
    339.451978,
    9603.156839,
    0
  ],
  [
    4555.548503,
    347.549994,
    9585.73099,
    0
  ],
  [
    4555.71315,
    339.447754,
    9535.965338,
    0
  ],
  [
    4555.877884,
    344.849997,
    9585.421157,
    0
  ],
  [
    4555.93042,
    339.244904,
    10582.592776,
    0
  ],
  [
    4555.96016,
    347.549994,
    9588.331822,
    0
  ],
  [
    4556.138926,
    339.046837,
    10531.362114,
    0
  ],
  [
    4556.288949,
    339.044933,
    10535.65641,
    0
  ],
  [
    4556.905823,
    339.445557,
    9541.180818,
    0
  ],
  [
    4557.169191,
    339.547447,
    10868.168945,
    0
  ],
  [
    4557.645708,
    339.452637,
    9539.091873,
    0
  ],
  [
    4557.702655,
    344.849997,
    9594.433406,
    0
  ],
  [
    4558.281018,
    339.045813,
    10532.630738,
    0
  ],
  [
    4558.318423,
    342.149999,
    9583.950649,
    0
  ],
  [
    4558.325441,
    344.207581,
    10589.339845,
    0
  ],
  [
    4558.384844,
    339.445435,
    9545.094692,
    0
  ],
  [
    4558.637283,
    350.249992,
    9580.759925,
    0
  ],
  [
    4559.057408,
    339.044631,
    10534.949538,
    0
  ],
  [
    4559.228098,
    339.454926,
    9537.370627,
    0
  ],
  [
    4559.253534,
    344.849997,
    9591.690424,
    0
  ],
  [
    4559.323975,
    339.244812,
    10588.477539,
    0
  ],
  [
    4559.606927,
    339.044088,
    10535.919233,
    0
  ],
  [
    4560.101015,
    344.849997,
    9581.658241,
    0
  ],
  [
    4560.144912,
    350.249992,
    9581.753139,
    0
  ],
  [
    4560.206592,
    339.45166,
    9543.25648,
    0
  ],
  [
    4560.227309,
    342.149999,
    9581.629585,
    0
  ],
  [
    4560.275171,
    347.549994,
    9581.710253,
    0
  ],
  [
    4560.380406,
    339.044992,
    10533.454922,
    0
  ],
  [
    4560.640578,
    339.025666,
    10732.450935,
    0
  ],
  [
    4560.717529,
    344.207581,
    10587.605958,
    0
  ],
  [
    4561.071338,
    339.457306,
    9540.863508,
    0
  ],
  [
    4561.694336,
    339.244812,
    10584.641602,
    0
  ],
  [
    4561.792526,
    339.025666,
    10742.699929,
    0
  ],
  [
    4562.183106,
    344.207581,
    10586.447754,
    0
  ],
  [
    4562.283696,
    339.461121,
    9538.546248,
    0
  ],
  [
    4562.340585,
    339.025666,
    10750.23112,
    0
  ],
  [
    4562.865235,
    339.244812,
    10585.887207,
    0
  ],
  [
    4563.375113,
    339.043409,
    10535.576379,
    0
  ],
  [
    4563.450128,
    339.042122,
    10538.488688,
    0
  ],
  [
    4563.672852,
    339.244812,
    10588.780274,
    0
  ],
  [
    4563.7334,
    339.547447,
    10867.376953,
    0
  ],
  [
    4564.759443,
    339.010437,
    10657.819185,
    0
  ],
  [
    4565.063617,
    339.042463,
    10536.893418,
    0
  ],
  [
    4565.482574,
    339.010437,
    10668.156903,
    0
  ],
  [
    4566.135742,
    339.244812,
    10585.183105,
    0
  ],
  [
    4567.661133,
    339.244812,
    10582.160643,
    0
  ],
  [
    4568.301026,
    350.610161,
    10848.872071,
    0
  ],
  [
    4568.720215,
    339.244812,
    10587.94629,
    0
  ],
  [
    4569.333007,
    339.244812,
    10585.465332,
    0
  ],
  [
    4569.393008,
    340.76623,
    9550.245046,
    0
  ],
  [
    4571.27359,
    350.249992,
    9546.289007,
    0
  ],
  [
    4571.846924,
    339.244812,
    10584.534668,
    0
  ],
  [
    4572.143248,
    342.149999,
    9544.69898,
    0
  ],
  [
    4572.171903,
    344.849997,
    9544.825274,
    0
  ],
  [
    4572.223915,
    347.549994,
    9544.651119,
    0
  ],
  [
    4572.266802,
    350.249992,
    9544.781377,
    0
  ],
  [
    4572.55078,
    339.244812,
    10587.370604,
    0
  ],
  [
    4573.197266,
    343.354515,
    10852.107666,
    0
  ],
  [
    4573.514013,
    339.010437,
    10664.102091,
    0
  ],
  [
    4573.90134,
    339.148857,
    10530.426159,
    0
  ],
  [
    4573.901502,
    339.010437,
    10653.04513,
    0
  ],
  [
    4574.464313,
    342.149999,
    9546.607864,
    0
  ],
  [
    4575.295166,
    339.244812,
    10588.254883,
    0
  ],
  [
    4575.406739,
    339.244812,
    10584.607421,
    0
  ],
  [
    4575.675313,
    339.148857,
    10531.368205,
    0
  ],
  [
    4575.934824,
    344.849997,
    9549.048401,
    0
  ],
  [
    4576.244657,
    347.549994,
    9549.377782,
    0
  ],
  [
    4577.326552,
    339.148857,
    10529.158302,
    0
  ],
  [
    4577.440428,
    343.354515,
    10847.005127,
    0
  ],
  [
    4578.516845,
    338.583137,
    10849.113771,
    0
  ],
  [
    4578.845489,
    347.549994,
    9548.966123,
    0
  ],
  [
    4579.713361,
    339.010437,
    10659.906875,
    0
  ],
  [
    4580.249149,
    344.849997,
    9551.813428,
    0
  ],
  [
    4580.623123,
    347.549994,
    9551.600563,
    0
  ],
  [
    4580.727019,
    339.010437,
    10649.815342,
    0
  ],
  [
    4582.204087,
    344.849997,
    9545.672745,
    0
  ],
  [
    4583.142464,
    339.148857,
    10536.044874,
    0
  ],
  [
    4583.736072,
    339.010437,
    10657.518611,
    0
  ],
  [
    4584.086306,
    339.148857,
    10534.274504,
    0
  ],
  [
    4584.522293,
    344.849997,
    9553.492902,
    0
  ],
  [
    4584.947071,
    344.849997,
    9547.223621,
    0
  ],
  [
    4585.635989,
    347.549994,
    9554.876637,
    0
  ],
  [
    4587.523132,
    344.849997,
    9554.329482,
    0
  ],
  [
    4587.917217,
    344.849997,
    9551.995375,
    0
  ],
  [
    4589.003534,
    347.549994,
    9555.263658,
    0
  ],
  [
    4589.888728,
    344.849997,
    9550.057805,
    0
  ],
  [
    4590.450767,
    344.849997,
    9561.417549,
    0
  ],
  [
    4590.787115,
    344.849997,
    9556.004633,
    0
  ],
  [
    4590.832909,
    347.549994,
    9557.521756,
    0
  ],
  [
    4592.483349,
    344.849997,
    9560.874007,
    0
  ],
  [
    4593.670507,
    339.451978,
    9549.437874,
    0
  ],
  [
    4593.817845,
    344.849997,
    9559.119351,
    0
  ],
  [
    4594.691681,
    344.849997,
    9565.332928,
    0
  ],
  [
    4594.849279,
    347.549994,
    9559.957092,
    0
  ],
  [
    4596.956171,
    344.849997,
    9559.776989,
    0
  ],
  [
    4597.352214,
    344.849997,
    9566.831821,
    0
  ],
  [
    4598.136531,
    339.451978,
    9552.070321,
    0
  ],
  [
    4599.245107,
    347.549994,
    9561.345105,
    0
  ],
  [
    4603.249934,
    344.849997,
    9564.622926,
    0
  ],
  [
    4603.620497,
    347.549994,
    9563.758755,
    0
  ],
  [
    4606.506686,
    347.549994,
    9567.152014,
    0
  ],
  [
    4608.336219,
    347.549994,
    9566.291098,
    0
  ],
  [
    4610.062177,
    339.010437,
    10688.407075,
    0
  ],
  [
    4610.785308,
    339.010437,
    10698.744793,
    0
  ],
  [
    4618.280767,
    339.176897,
    10511.972252,
    0
  ],
  [
    4618.465399,
    339.601944,
    10448.268623,
    0
  ],
  [
    4618.804687,
    339.159643,
    10472.084368,
    0
  ],
  [
    4618.816747,
    339.010437,
    10694.689981,
    0
  ],
  [
    4619.204236,
    339.010437,
    10683.63302,
    0
  ],
  [
    4619.49297,
    339.159643,
    10470.378152,
    0
  ],
  [
    4619.844954,
    339.170417,
    10512.829544,
    0
  ],
  [
    4619.908166,
    339.169404,
    10510.369506,
    0
  ],
  [
    4620.729721,
    339.159643,
    10473.372494,
    0
  ],
  [
    4620.753969,
    348.601944,
    10447.493243,
    0
  ],
  [
    4620.888931,
    339.159643,
    10471.466474,
    0
  ],
  [
    4620.897056,
    339.601944,
    10447.44102,
    0
  ],
  [
    4620.973545,
    348.601944,
    10443.948214,
    0
  ],
  [
    4621.380553,
    358.901947,
    10432.97678,
    0
  ],
  [
    4622.528247,
    353.501945,
    10431.568961,
    0
  ],
  [
    4623.288807,
    358.901947,
    10436.933952,
    0
  ],
  [
    4623.538846,
    339.401947,
    10433.92339,
    0
  ],
  [
    4623.84595,
    358.901947,
    10434.403163,
    0
  ],
  [
    4623.874125,
    339.601944,
    10449.977465,
    0
  ],
  [
    4624.37634,
    358.901947,
    10427.702286,
    0
  ],
  [
    4624.580911,
    348.801948,
    10428.556409,
    0
  ],
  [
    4624.668283,
    344.101944,
    10429.70883,
    0
  ],
  [
    4624.714395,
    348.601944,
    10443.076367,
    0
  ],
  [
    4625.016095,
    339.010437,
    10690.494765,
    0
  ],
  [
    4625.278364,
    339.601944,
    10443.498805,
    0
  ],
  [
    4625.402761,
    339.169261,
    10508.327486,
    0
  ],
  [
    4625.730991,
    348.601944,
    10450.232858,
    0
  ],
  [
    4625.901822,
    353.501945,
    10437.578793,
    0
  ],
  [
    4626.029753,
    339.010437,
    10680.403232,
    0
  ],
  [
    4626.414515,
    362.651947,
    10430.882601,
    0
  ],
  [
    4626.798691,
    339.863869,
    10384.797889,
    0
  ],
  [
    4626.802075,
    353.501945,
    10425.536811,
    0
  ],
  [
    4627.000555,
    338.915489,
    10386.645558,
    0
  ],
  [
    4627.109056,
    339.601944,
    10452.030718,
    0
  ],
  [
    4627.111645,
    339.444641,
    10383.972445,
    0
  ],
  [
    4627.195401,
    339.401947,
    10437.39397,
    0
  ],
  [
    4627.330294,
    339.169261,
    10507.012518,
    0
  ],
  [
    4627.330901,
    362.651947,
    10436.292436,
    0
  ],
  [
    4627.381378,
    353.501945,
    10427.523113,
    0
  ],
  [
    4627.694112,
    362.651947,
    10433.317507,
    0
  ],
  [
    4627.880761,
    339.718849,
    10387.715904,
    0
  ],
  [
    4627.955501,
    339.718849,
    10382.480351,
    0
  ],
  [
    4628.294469,
    338.915489,
    10383.86231,
    0
  ],
  [
    4628.396759,
    358.901947,
    10426.38002,
    0
  ],
  [
    4628.411146,
    353.501945,
    10430.616985,
    0
  ],
  [
    4628.463302,
    338.915489,
    10385.697565,
    0
  ],
  [
    4628.477913,
    339.718849,
    10387.787893,
    0
  ],
  [
    4628.692193,
    362.651947,
    10430.091653,
    0
  ],
  [
    4628.813067,
    339.718849,
    10388.259846,
    0
  ],
  [
    4628.91186,
    348.801948,
    10438.152968,
    0
  ],
  [
    4628.968496,
    339.718849,
    10383.086229,
    0
  ],
  [
    4629.038806,
    339.010437,
    10688.106501,
    0
  ],
  [
    4629.266763,
    344.101944,
    10436.890252,
    0
  ],
  [
    4629.540231,
    339.51725,
    10383.555694,
    0
  ],
  [
    4629.599526,
    339.51725,
    10388.545932,
    0
  ],
  [
    4629.623198,
    339.401947,
    10427.713974,
    0
  ],
  [
    4629.781598,
    338.915489,
    10385.111052,
    0
  ],
  [
    4629.878688,
    344.101944,
    10429.857261,
    0
  ],
  [
    4629.915663,
    338.915489,
    10387.088339,
    0
  ],
  [
    4630.133361,
    358.901947,
    10434.45911,
    0
  ],
  [
    4630.215453,
    348.601944,
    10449.993299,
    0
  ],
  [
    4630.415642,
    338.915489,
    10388.972584,
    0
  ],
  [
    4630.486479,
    358.901947,
    10431.925376,
    0
  ],
  [
    4630.600905,
    358.901947,
    10440.867269,
    0
  ],
  [
    4630.623337,
    339.601944,
    10446.519579,
    0
  ],
  [
    4630.993819,
    348.801948,
    10429.755544,
    0
  ],
  [
    4631.34258,
    348.801948,
    10439.715399,
    0
  ],
  [
    4631.357157,
    338.958885,
    10378.303541,
    0
  ],
  [
    4631.389179,
    362.651947,
    10435.136551,
    0
  ],
  [
    4631.508185,
    339.907265,
    10376.686496,
    0
  ],
  [
    4631.539774,
    339.863869,
    10389.337218,
    0
  ],
  [
    4631.627107,
    339.863869,
    10388.754693,
    0
  ],
  [
    4631.74794,
    339.488037,
    10375.970427,
    0
  ],
  [
    4632.087312,
    339.401947,
    10437.463982,
    0
  ],
  [
    4632.132529,
    339.863869,
    10388.649543,
    0
  ],
  [
    4632.281922,
    338.915489,
    10386.376235,
    0
  ],
  [
    4632.657062,
    348.601944,
    10445.268938,
    0
  ],
  [
    4632.819924,
    338.958885,
    10376.927781,
    0
  ],
  [
    4632.945321,
    338.958885,
    10375.108689,
    0
  ],
  [
    4632.996532,
    348.801948,
    10436.198901,
    0
  ],
  [
    4633.109214,
    344.101944,
    10433.401914,
    0
  ],
  [
    4633.210756,
    358.901947,
    10429.047583,
    0
  ],
  [
    4633.21447,
    353.501945,
    10432.203624,
    0
  ],
  [
    4633.382857,
    339.762245,
    10378.444524,
    0
  ],
  [
    4633.536109,
    338.958885,
    10379.963172,
    0
  ],
  [
    4633.778198,
    339.762245,
    10377.641983,
    0
  ],
  [
    4634.02649,
    348.801948,
    10434.016878,
    0
  ],
  [
    4634.027384,
    339.762245,
    10378.626705,
    0
  ],
  [
    4634.179356,
    339.560646,
    10375.593362,
    0
  ],
  [
    4634.216011,
    339.401947,
    10432.33654,
    0
  ],
  [
    4634.370655,
    339.762245,
    10379.158517,
    0
  ],
  [
    4634.539263,
    339.762245,
    10378.13304,
    0
  ],
  [
    4634.837866,
    339.560646,
    10379.505695,
    0
  ],
  [
    4634.888099,
    358.901947,
    10433.043565,
    0
  ],
  [
    4635.123452,
    338.958885,
    10380.810821,
    0
  ],
  [
    4635.383583,
    340.164413,
    10378.825763,
    0
  ],
  [
    4635.545689,
    339.560646,
    10378.279737,
    0
  ],
  [
    4635.940593,
    339.907265,
    10381.322193,
    0
  ],
  [
    4636.161198,
    338.958885,
    10379.17825,
    0
  ],
  [
    4636.45369,
    348.601944,
    10440.165105,
    0
  ],
  [
    4636.454539,
    339.907265,
    10381.316155,
    0
  ],
  [
    4636.607075,
    339.907265,
    10380.428396,
    0
  ],
  [
    4636.81536,
    338.958885,
    10377.401498,
    0
  ],
  [
    4636.897635,
    339.907265,
    10380.902015,
    0
  ],
  [
    4640.050086,
    348.601944,
    10433.108312,
    0
  ],
  [
    4661.925624,
    339.178436,
    10380.455687,
    0
  ],
  [
    4663.209004,
    339.178436,
    10378.435246,
    0
  ],
  [
    4663.358558,
    339.178436,
    10367.445542,
    0
  ],
  [
    4663.487651,
    339.178436,
    10376.511966,
    0
  ],
  [
    4663.576994,
    339.991821,
    10376.633909,
    0
  ],
  [
    4664.13154,
    339.991821,
    10375.658901,
    0
  ],
  [
    4664.997449,
    339.178436,
    10377.458052,
    0
  ],
  [
    4665.666145,
    339.178436,
    10378.988285,
    0
  ],
  [
    4665.726785,
    339.717621,
    10380.20395,
    0
  ],
  [
    4666.485259,
    339.178436,
    10372.484616,
    0
  ],
  [
    4666.652962,
    340.089294,
    10380.443984,
    0
  ],
  [
    4666.90903,
    339.178436,
    10376.603676,
    0
  ],
  [
    4667.573544,
    339.178436,
    10373.310259,
    0
  ],
  [
    4667.710933,
    339.178436,
    10378.69622,
    0
  ],
  [
    4668.235433,
    340.089294,
    10377.675674,
    0
  ],
  [
    4668.78004,
    340.089294,
    10376.787457,
    0
  ],
  [
    4669.472345,
    339.178436,
    10373.586563,
    0
  ],
  [
    4669.579774,
    339.178436,
    10370.940751,
    0
  ],
  [
    4670.046617,
    339.991821,
    10371.934678,
    0
  ],
  [
    4670.930418,
    339.991821,
    10372.41935,
    0
  ],
  [
    4671.110738,
    339.262558,
    10539.420493,
    0
  ],
  [
    4671.335556,
    339.262558,
    10546.245572,
    0
  ],
  [
    4671.433555,
    339.262558,
    10549.748662,
    0
  ],
  [
    4671.768645,
    339.262558,
    10541.687011,
    0
  ],
  [
    4672.070044,
    339.262558,
    10543.848051,
    0
  ],
  [
    4695.545068,
    338.916596,
    10723.149628,
    0
  ],
  [
    4700.642896,
    338.958229,
    10725.675501,
    0
  ],
  [
    4702.591644,
    339.023636,
    10723.931126,
    0
  ],
  [
    4702.82142,
    338.958229,
    10722.001075,
    0
  ],
  [
    4704.46794,
    338.958229,
    10722.770268,
    0
  ],
  [
    4705.135955,
    338.958229,
    10726.393177,
    0
  ],
  [
    4707.491555,
    338.958229,
    10727.355019,
    0
  ],
  [
    4713.386716,
    339.0896,
    10296.411135,
    0
  ],
  [
    4713.401858,
    342.231568,
    10295.787121,
    0
  ],
  [
    4714.124208,
    339.096665,
    10700.824826,
    0
  ],
  [
    4714.139648,
    339.0896,
    10299.139652,
    0
  ],
  [
    4716.239011,
    339.096665,
    10701.872468,
    0
  ],
  [
    4717.054198,
    339.895936,
    10297.847658,
    0
  ],
  [
    4717.527834,
    342.231568,
    10288.547853,
    0
  ],
  [
    4717.769039,
    339.897797,
    10298.62207,
    0
  ],
  [
    4718.035061,
    339.096665,
    10703.111474,
    0
  ],
  [
    4718.584958,
    339.897553,
    10299.415039,
    0
  ],
  [
    4719.304991,
    339.096665,
    10705.273616,
    0
  ],
  [
    4719.497554,
    339.897095,
    10299.875973,
    0
  ],
  [
    4720.03711,
    339.896454,
    10298.982422,
    0
  ],
  [
    4720.55713,
    339.899842,
    10297.916022,
    0
  ],
  [
    4720.828125,
    339.0896,
    10284.143554,
    0
  ],
  [
    4721.181641,
    339.900116,
    10296.990237,
    0
  ],
  [
    4721.565915,
    339.897217,
    10292.787109,
    0
  ],
  [
    4721.710936,
    339.901246,
    10295.894534,
    0
  ],
  [
    4721.952358,
    339.096665,
    10707.56985,
    0
  ],
  [
    4722.293946,
    339.898926,
    10294.840825,
    0
  ],
  [
    4722.380859,
    342.231568,
    10280.922853,
    0
  ],
  [
    4722.416017,
    339.896668,
    10293.335942,
    0
  ],
  [
    4723.478027,
    340.355469,
    10270.890625,
    0
  ],
  [
    4723.83985,
    339.0896,
    10305.2002,
    0
  ],
  [
    4724.000489,
    340.355469,
    10269.977537,
    0
  ],
  [
    4726.080079,
    339.0896,
    10275.163086,
    0
  ],
  [
    4726.311524,
    342.231568,
    10274.491211,
    0
  ],
  [
    4727.030887,
    339.364105,
    10532.48994,
    0
  ],
  [
    4727.275333,
    339.365723,
    10535.346788,
    0
  ],
  [
    4728.329463,
    339.365784,
    10537.533396,
    0
  ],
  [
    4729.357421,
    339.0896,
    10276.642579,
    0
  ],
  [
    4729.695792,
    339.367035,
    10532.908551,
    0
  ],
  [
    4730.368674,
    339.367126,
    10540.843983,
    0
  ],
  [
    4730.852539,
    342.231568,
    10277.316407,
    0
  ],
  [
    4731.34451,
    339.364929,
    10530.899539,
    0
  ],
  [
    4732.094073,
    339.376282,
    10537.885053,
    0
  ],
  [
    4732.420412,
    339.0896,
    10309.918946,
    0
  ],
  [
    4732.711743,
    339.375885,
    10545.550748,
    0
  ],
  [
    4732.989804,
    339.371216,
    10533.757828,
    0
  ],
  [
    4733.570951,
    339.364929,
    10529.850632,
    0
  ],
  [
    4733.713419,
    339.376007,
    10541.488414,
    0
  ],
  [
    4735.150855,
    339.370911,
    10532.549446,
    0
  ],
  [
    4735.25471,
    339.38211,
    10545.070016,
    0
  ],
  [
    4735.507566,
    339.383087,
    10540.187584,
    0
  ],
  [
    4735.689158,
    339.378204,
    10536.516477,
    0
  ],
  [
    4736.122557,
    339.0896,
    10280.688478,
    0
  ],
  [
    4737.324126,
    339.387756,
    10543.589604,
    0
  ],
  [
    4737.787059,
    339.385376,
    10539.667431,
    0
  ],
  [
    4737.876951,
    339.0896,
    10311.300779,
    0
  ],
  [
    4739.636895,
    339.391571,
    10542.368702,
    0
  ],
  [
    4740.358274,
    334.305,
    10866.238393,
    0
  ],
  [
    4740.46112,
    334.305008,
    10867.718263,
    0
  ],
  [
    4740.554688,
    342.231568,
    10282.966797,
    0
  ],
  [
    4740.807453,
    334.305008,
    10870.011353,
    0
  ],
  [
    4741.756293,
    334.305008,
    10866.68927,
    0
  ],
  [
    4741.881616,
    334.305,
    10864.330231,
    0
  ],
  [
    4741.976394,
    334.305008,
    10868.674439,
    0
  ],
  [
    4747.447755,
    340.251893,
    10296.627927,
    0
  ],
  [
    4748.063479,
    340.251893,
    10295.642577,
    0
  ],
  [
    4748.400391,
    339.0896,
    10287.526363,
    0
  ],
  [
    4750.108886,
    342.231568,
    10288.671873,
    0
  ],
  [
    4750.116698,
    339.0896,
    10290.585936,
    0
  ],
  [
    4750.242678,
    340.251893,
    10298.202144,
    0
  ],
  [
    4753.665179,
    339.047974,
    10623.009163,
    0
  ],
  [
    4753.940646,
    339.047974,
    10620.539946,
    0
  ],
  [
    4755.043314,
    339.121933,
    10319.393197,
    0
  ],
  [
    4755.256143,
    339.047974,
    10618.889501,
    0
  ],
  [
    4755.289245,
    339.215702,
    10589.304214,
    0
  ],
  [
    4755.697717,
    339.047974,
    10624.755356,
    0
  ],
  [
    4756.19971,
    342.231568,
    10292.271483,
    0
  ],
  [
    4756.375289,
    339.215702,
    10596.04988,
    0
  ],
  [
    4756.661133,
    339.0896,
    10293.129875,
    0
  ],
  [
    4756.831424,
    339.105712,
    10317.832826,
    0
  ],
  [
    4756.854508,
    339.047974,
    10622.407621,
    0
  ],
  [
    4757.226208,
    339.047974,
    10619.487501,
    0
  ],
  [
    4757.707971,
    339.107955,
    10315.708378,
    0
  ],
  [
    4757.958537,
    339.047974,
    10626.748084,
    0
  ],
  [
    4758.435545,
    339.215702,
    10592.353044,
    0
  ],
  [
    4759.340969,
    339.215702,
    10585.320637,
    0
  ],
  [
    4759.426795,
    339.096008,
    10314.457193,
    0
  ],
  [
    4759.631039,
    339.047974,
    10624.04466,
    0
  ],
  [
    4760.51966,
    339.09552,
    10319.632175,
    0
  ],
  [
    4761.370395,
    339.215702,
    10595.008416,
    0
  ],
  [
    4761.609629,
    339.047974,
    10626.020895,
    0
  ],
  [
    4762.270654,
    339.094574,
    10315.492048,
    0
  ],
  [
    4763.332515,
    339.215702,
    10581.029374,
    0
  ],
  [
    4763.84793,
    339.138801,
    10326.256253,
    0
  ],
  [
    4764.290992,
    339.215702,
    10584.557513,
    0
  ],
  [
    4764.911145,
    339.164283,
    10326.589137,
    0
  ],
  [
    4765.15992,
    339.138801,
    10324.684506,
    0
  ],
  [
    4765.504975,
    339.215702,
    10588.809067,
    0
  ],
  [
    4766.018924,
    339.153297,
    10324.222501,
    0
  ],
  [
    4766.118119,
    339.138801,
    10322.212969,
    0
  ],
  [
    4766.394604,
    339.138801,
    10322.841027,
    0
  ],
  [
    4767.289054,
    339.215702,
    10576.961656,
    0
  ],
  [
    4768.636345,
    339.215702,
    10583.939456,
    0
  ],
  [
    4769.205236,
    339.215702,
    10580.78544,
    0
  ],
  [
    4770.570115,
    339.215702,
    10582.153472,
    0
  ],
  [
    4771.480121,
    339.215702,
    10583.306387,
    0
  ],
  [
    4772.646602,
    339.103424,
    10329.355623,
    0
  ],
  [
    4773.1907,
    339.215702,
    10581.898797,
    0
  ],
  [
    4773.630951,
    339.10199,
    10326.49389,
    0
  ],
  [
    4773.928018,
    339.115371,
    10331.052029,
    0
  ],
  [
    4774.344909,
    339.376072,
    10608.47316,
    0
  ],
  [
    4775.430953,
    339.376072,
    10615.218826,
    0
  ],
  [
    4776.067651,
    339.113128,
    10331.89083,
    0
  ],
  [
    4776.990821,
    339.097138,
    10321.29947,
    0
  ],
  [
    4777.491209,
    339.376072,
    10611.52199,
    0
  ],
  [
    4777.659431,
    339.129349,
    10333.651038,
    0
  ],
  [
    4777.801426,
    339.102936,
    10328.171319,
    0
  ],
  [
    4778.000886,
    339.095704,
    10318.446712,
    0
  ],
  [
    4778.256917,
    339.109085,
    10323.00734,
    0
  ],
  [
    4778.373145,
    338.869522,
    10654.995427,
    0
  ],
  [
    4778.396633,
    339.376072,
    10604.489583,
    0
  ],
  [
    4779.221126,
    338.869522,
    10653.686781,
    0
  ],
  [
    4779.742377,
    338.869522,
    10656.627586,
    0
  ],
  [
    4780.388914,
    339.106842,
    10323.865364,
    0
  ],
  [
    4780.426059,
    339.376072,
    10614.177362,
    0
  ],
  [
    4781.964788,
    339.123063,
    10325.639827,
    0
  ],
  [
    4782.156095,
    339.09665,
    10320.161608,
    0
  ],
  [
    4782.388179,
    339.376072,
    10600.19832,
    0
  ],
  [
    4782.828393,
    338.869522,
    10656.945427,
    0
  ],
  [
    4783.346656,
    339.376072,
    10603.726459,
    0
  ],
  [
    4783.552952,
    339.235661,
    10563.609015,
    0
  ],
  [
    4784.560639,
    339.376072,
    10607.978013,
    0
  ],
  [
    4785.263531,
    339.235661,
    10562.201425,
    0
  ],
  [
    4786.173537,
    339.235661,
    10563.35434,
    0
  ],
  [
    4786.344718,
    339.376072,
    10596.130602,
    0
  ],
  [
    4786.478786,
    339.188866,
    10449.656989,
    0
  ],
  [
    4787.538416,
    339.235661,
    10564.722372,
    0
  ],
  [
    4787.692009,
    339.376072,
    10603.108402,
    0
  ],
  [
    4788.107307,
    339.235661,
    10561.568356,
    0
  ],
  [
    4788.2609,
    339.376072,
    10599.954386,
    0
  ],
  [
    4788.328939,
    339.188866,
    10450.438889,
    0
  ],
  [
    4789.454598,
    339.235661,
    10568.546156,
    0
  ],
  [
    4789.625779,
    339.376072,
    10601.322418,
    0
  ],
  [
    4789.778815,
    339.188866,
    10448.09195,
    0
  ],
  [
    4790.535785,
    339.376072,
    10602.475333,
    0
  ],
  [
    4791.238677,
    339.235661,
    10556.698745,
    0
  ],
  [
    4792.246364,
    339.376072,
    10601.067743,
    0
  ],
  [
    4792.45266,
    339.235661,
    10560.950299,
    0
  ],
  [
    4793.411137,
    339.235661,
    10564.478438,
    0
  ],
  [
    4795.373257,
    339.235661,
    10550.499396,
    0
  ],
  [
    4796.179495,
    339.188866,
    10454.438682,
    0
  ],
  [
    4796.963501,
    339.188866,
    10452.59196,
    0
  ],
  [
    4797.402683,
    339.235661,
    10560.187175,
    0
  ],
  [
    4798.308107,
    339.235661,
    10553.154768,
    0
  ],
  [
    4800.368363,
    339.235661,
    10549.457932,
    0
  ],
  [
    4801.454407,
    339.235661,
    10556.203598,
    0
  ],
  [
    4801.968968,
    339.171421,
    10582.837531,
    0
  ],
  [
    4803.679547,
    339.171421,
    10581.429941,
    0
  ],
  [
    4804.589553,
    339.171421,
    10582.582856,
    0
  ],
  [
    4805.954432,
    339.171421,
    10583.950888,
    0
  ],
  [
    4806.523323,
    339.171421,
    10580.796872,
    0
  ],
  [
    4807.870614,
    339.171421,
    10587.774672,
    0
  ],
  [
    4808.848011,
    345.059753,
    10639.438194,
    0
  ],
  [
    4809.512699,
    339.010468,
    10161.364257,
    0
  ],
  [
    4809.534673,
    348.076438,
    10639.968603,
    0
  ],
  [
    4809.654693,
    339.171421,
    10575.927261,
    0
  ],
  [
    4810.40967,
    339.010468,
    10170.316405,
    0
  ],
  [
    4810.868676,
    339.171421,
    10580.178815,
    0
  ],
  [
    4811.827153,
    339.171421,
    10583.706954,
    0
  ],
  [
    4812.096193,
    339.010468,
    10177.609374,
    0
  ],
  [
    4812.688227,
    346.239517,
    10633.694084,
    0
  ],
  [
    4812.878907,
    339.010468,
    10182.22168,
    0
  ],
  [
    4813.021174,
    342.36518,
    10633.604224,
    0
  ],
  [
    4813.789273,
    339.171421,
    10569.727912,
    0
  ],
  [
    4813.935785,
    346.239524,
    10634.096656,
    0
  ],
  [
    4814.512726,
    342.36518,
    10631.728253,
    0
  ],
  [
    4814.544355,
    346.239517,
    10632.309534,
    0
  ],
  [
    4814.620363,
    348.076812,
    10645.120642,
    0
  ],
  [
    4814.792076,
    346.239524,
    10635.154221,
    0
  ],
  [
    4815.03168,
    342.36518,
    10635.903622,
    0
  ],
  [
    4815.18945,
    346.239517,
    10636.620732,
    0
  ],
  [
    4815.818699,
    339.171421,
    10579.415691,
    0
  ],
  [
    4816.275947,
    346.239524,
    10634.634281,
    0
  ],
  [
    4816.724123,
    339.171421,
    10572.383284,
    0
  ],
  [
    4817.203036,
    346.261177,
    10631.045042,
    0
  ],
  [
    4818.329685,
    348.074218,
    10649.205965,
    0
  ],
  [
    4818.784379,
    339.171421,
    10568.686448,
    0
  ],
  [
    4819.308764,
    346.261177,
    10629.112411,
    0
  ],
  [
    4819.41944,
    339.010468,
    10164.405277,
    0
  ],
  [
    4819.870423,
    339.171421,
    10575.432114,
    0
  ],
  [
    4820.58838,
    339.010468,
    10174.652346,
    0
  ],
  [
    4821.148926,
    339.010468,
    10182.182618,
    0
  ],
  [
    4821.370691,
    346.261177,
    10630.894427,
    0
  ],
  [
    4821.595672,
    348.074119,
    10650.041573,
    0
  ],
  [
    4821.768475,
    345.068786,
    10638.267415,
    0
  ],
  [
    4823.182834,
    346.261177,
    10632.657556,
    0
  ],
  [
    4823.856092,
    345.068779,
    10636.1547,
    0
  ],
  [
    4825.175744,
    345.068786,
    10635.47539,
    0
  ],
  [
    4828.346364,
    345.068779,
    10636.626095,
    0
  ],
  [
    4829.442077,
    348.074119,
    10637.719177,
    0
  ],
  [
    4831.706859,
    348.074119,
    10640.13488,
    0
  ],
  [
    4859.492191,
    339.010468,
    10187.901366,
    0
  ],
  [
    4860.389162,
    339.010468,
    10196.853514,
    0
  ],
  [
    4862.075685,
    339.010468,
    10204.146483,
    0
  ],
  [
    4862.858399,
    339.010468,
    10208.758789,
    0
  ],
  [
    4869.398932,
    339.010468,
    10190.942386,
    0
  ],
  [
    4870.567872,
    339.010468,
    10201.189455,
    0
  ],
  [
    4871.128418,
    339.010468,
    10208.719727,
    0
  ],
  [
    4872.808538,
    339.00116,
    10113.287022,
    0
  ],
  [
    4873.433304,
    339.00116,
    10123.631151,
    0
  ],
  [
    4881.502949,
    339.00116,
    10119.652917,
    0
  ],
  [
    4881.995595,
    339.00116,
    10108.600143,
    0
  ],
  [
    4887.741922,
    339.00116,
    10115.51686,
    0
  ],
  [
    4888.851525,
    339.00116,
    10105.435425,
    0
  ],
  [
    4891.787168,
    339.00116,
    10113.166968,
    0
  ],
  [
    4912.718763,
    339.010468,
    10017.448895,
    0
  ],
  [
    4912.829793,
    339.010468,
    10008.452609,
    0
  ],
  [
    4913.578096,
    339.010468,
    10024.884842,
    0
  ],
  [
    4913.839453,
    339.010468,
    10029.555784,
    0
  ],
  [
    4914.254795,
    338.698181,
    10408.439065,
    0
  ],
  [
    4915.14234,
    342.713761,
    10411.898097,
    0
  ],
  [
    4915.2891,
    334.682602,
    10410.015989,
    0
  ],
  [
    4915.62043,
    338.698181,
    10410.398388,
    0
  ],
  [
    4915.991216,
    338.698181,
    10406.778889,
    0
  ],
  [
    4918.404492,
    342.713761,
    10414.902531,
    0
  ],
  [
    4918.705844,
    338.698181,
    10416.651914,
    0
  ],
  [
    4919.6538,
    334.682602,
    10403.509666,
    0
  ],
  [
    4919.889303,
    338.698181,
    10410.597079,
    0
  ],
  [
    4920.212484,
    342.713761,
    10410.806319,
    0
  ],
  [
    4921.05211,
    334.682602,
    10416.303482,
    0
  ],
  [
    4921.487227,
    339.000458,
    10142.1652,
    0
  ],
  [
    4921.823736,
    334.682602,
    10400.800115,
    0
  ],
  [
    4921.996774,
    339.000458,
    10152.515644,
    0
  ],
  [
    4922.061842,
    339.010468,
    10030.442952,
    0
  ],
  [
    4922.333739,
    339.010468,
    10012.583751,
    0
  ],
  [
    4922.347977,
    339.010468,
    10022.897269,
    0
  ],
  [
    4923.801411,
    338.698181,
    10400.183495,
    0
  ],
  [
    4923.877867,
    338.698181,
    10417.38682,
    0
  ],
  [
    4924.01792,
    338.698181,
    10412.847813,
    0
  ],
  [
    4924.021574,
    342.713761,
    10406.743908,
    0
  ],
  [
    4924.355747,
    334.682602,
    10416.924044,
    0
  ],
  [
    4925.095214,
    342.713761,
    10415.717577,
    0
  ],
  [
    4925.43974,
    338.698181,
    10410.905268,
    0
  ],
  [
    4925.557223,
    334.682602,
    10414.205381,
    0
  ],
  [
    4926.020839,
    334.682602,
    10411.318564,
    0
  ],
  [
    4926.641873,
    338.698181,
    10409.146488,
    0
  ],
  [
    4927.52757,
    338.698181,
    10405.950676,
    0
  ],
  [
    4927.729137,
    338.698181,
    10413.040978,
    0
  ],
  [
    4928.672496,
    334.682602,
    10406.599191,
    0
  ],
  [
    4928.986136,
    342.713761,
    10405.82808,
    0
  ],
  [
    4929.160555,
    334.682602,
    10412.003654,
    0
  ],
  [
    4929.557725,
    342.713761,
    10410.607503,
    0
  ],
  [
    4930.089448,
    338.698181,
    10411.051079,
    0
  ],
  [
    4930.110216,
    339.000458,
    10148.627511,
    0
  ],
  [
    4930.367017,
    338.698181,
    10407.427213,
    0
  ],
  [
    4930.725902,
    339.000458,
    10137.580907,
    0
  ],
  [
    4933.402343,
    334.313413,
    10475.683591,
    0
  ],
  [
    4936.394856,
    339.000458,
    10144.56118,
    0
  ],
  [
    4936.936713,
    334.313413,
    10471.487517,
    0
  ],
  [
    4937.616645,
    339.000458,
    10134.492726,
    0
  ],
  [
    4939.688204,
    334.313413,
    10459.624924,
    0
  ],
  [
    4940.258986,
    334.313413,
    10468.318826,
    0
  ],
  [
    4940.466017,
    339.000458,
    10142.256477,
    0
  ],
  [
    4940.735259,
    334.197616,
    10421.360778,
    0
  ],
  [
    4941.020718,
    334.197616,
    10418.271598,
    0
  ],
  [
    4941.769175,
    334.313413,
    10477.122064,
    0
  ],
  [
    4942.638428,
    334.197616,
    10416.885325,
    0
  ],
  [
    4943.359683,
    337.439158,
    10451.577861,
    0
  ],
  [
    4943.955895,
    334.197616,
    10417.719535,
    0
  ],
  [
    4944.23013,
    334.312228,
    10452.843649,
    0
  ],
  [
    4944.380947,
    334.313413,
    10471.125591,
    0
  ],
  [
    4944.452384,
    337.440209,
    10449.519282,
    0
  ],
  [
    4945.426412,
    334.313413,
    10457.03262,
    0
  ],
  [
    4946.478804,
    334.313413,
    10467.150833,
    0
  ],
  [
    4947.307062,
    337.440338,
    10452.562265,
    0
  ],
  [
    4948.946163,
    334.313623,
    10454.067203,
    0
  ],
  [
    4949.709452,
    337.440304,
    10455.583585,
    0
  ],
  [
    4951.616208,
    339.010468,
    9944.762591,
    0
  ],
  [
    4951.823959,
    337.440987,
    10455.944944,
    0
  ],
  [
    4952.171307,
    334.315412,
    10452.218393,
    0
  ],
  [
    4952.257654,
    334.31448,
    10455.31833,
    0
  ],
  [
    4953.779214,
    334.315951,
    10452.42943,
    0
  ],
  [
    4953.936508,
    339.010468,
    9954.862469,
    0
  ],
  [
    4959.905638,
    339.010468,
    9938.62629,
    0
  ],
  [
    4961.240534,
    339.010468,
    9949.609212,
    0
  ],
  [
    4966.145946,
    339.001923,
    10047.439603,
    0
  ],
  [
    4966.146549,
    339.010468,
    9934.375379,
    0
  ],
  [
    4966.203931,
    339.001923,
    10038.442818,
    0
  ],
  [
    4966.712901,
    339.010468,
    9944.501869,
    0
  ],
  [
    4967.049107,
    339.001923,
    10054.870353,
    0
  ],
  [
    4967.337999,
    339.001923,
    10059.539674,
    0
  ],
  [
    4970.315762,
    339.010468,
    9941.517677,
    0
  ],
  [
    4975.565476,
    339.001923,
    10060.378346,
    0
  ],
  [
    4975.73207,
    339.001923,
    10042.517853,
    0
  ],
  [
    4975.807116,
    339.001923,
    10052.831107,
    0
  ],
  [
    4997.117503,
    339.063636,
    10025.891795,
    0
  ],
  [
    4997.143302,
    339.070116,
    10024.108269,
    0
  ],
  [
    4999.321231,
    339.062623,
    10024.796639,
    0
  ],
  [
    5003.696799,
    339.06248,
    10028.697258,
    0
  ],
  [
    5005.76082,
    339.06248,
    10029.78553,
    0
  ],
  [
    5006.876015,
    339.001313,
    9973.437741,
    0
  ],
  [
    5007.306382,
    339.010437,
    9774.915391,
    0
  ],
  [
    5007.658862,
    339.010437,
    9765.925327,
    0
  ],
  [
    5007.965802,
    339.010437,
    9782.371725,
    0
  ],
  [
    5008.101681,
    339.010437,
    9787.048,
    0
  ],
  [
    5008.871002,
    339.001313,
    9983.606878,
    0
  ],
  [
    5015.358097,
    339.001313,
    9967.570619,
    0
  ],
  [
    5016.297293,
    339.010437,
    9788.155564,
    0
  ],
  [
    5016.33985,
    339.001313,
    9978.590723,
    0
  ],
  [
    5016.785875,
    339.010437,
    9780.62028,
    0
  ],
  [
    5017.04849,
    339.010437,
    9770.310097,
    0
  ],
  [
    5021.732211,
    339.001313,
    9963.522177,
    0
  ],
  [
    5021.973299,
    339.001313,
    9973.661625,
    0
  ],
  [
    5025.670071,
    339.001313,
    9970.794591,
    0
  ],
  [
    5027.526378,
    339.010499,
    9686.939325,
    0
  ],
  [
    5029.602413,
    339.010499,
    9697.092226,
    0
  ],
  [
    5031.803221,
    339.145027,
    9861.637721,
    0
  ],
  [
    5032.983103,
    339.236878,
    9844.940681,
    0
  ],
  [
    5033.222615,
    339.257538,
    9834.14786,
    0
  ],
  [
    5033.229545,
    339.230896,
    9848.058206,
    0
  ],
  [
    5033.676458,
    339.145035,
    9860.198362,
    0
  ],
  [
    5033.710961,
    339.251343,
    9837.385186,
    0
  ],
  [
    5034.226703,
    339.244171,
    9841.135348,
    0
  ],
  [
    5034.243416,
    339.145027,
    9861.553465,
    0
  ],
  [
    5035.04104,
    339.145035,
    9858.739849,
    0
  ],
  [
    5035.300492,
    339.145035,
    9860.512704,
    0
  ],
  [
    5035.454727,
    339.237183,
    9844.794392,
    0
  ],
  [
    5035.690558,
    339.230896,
    9848.083951,
    0
  ],
  [
    5035.83626,
    339.253723,
    9834.056395,
    0
  ],
  [
    5035.961393,
    339.010499,
    9681.004735,
    0
  ],
  [
    5035.989388,
    339.249054,
    9837.909988,
    0
  ],
  [
    5036.816831,
    339.145035,
    9858.758017,
    0
  ],
  [
    5037.031013,
    339.010499,
    9692.016657,
    0
  ],
  [
    5038.049792,
    339.233002,
    9846.993807,
    0
  ],
  [
    5038.058926,
    339.242249,
    9841.469566,
    0
  ],
  [
    5038.171025,
    339.241974,
    9837.520651,
    0
  ],
  [
    5038.343904,
    339.248077,
    9833.625326,
    0
  ],
  [
    5040.266189,
    339.230072,
    9848.531513,
    0
  ],
  [
    5040.842319,
    339.241852,
    9834.300388,
    0
  ],
  [
    5040.900992,
    339.233093,
    9839.557779,
    0
  ],
  [
    5041.290674,
    339.23169,
    9845.853497,
    0
  ],
  [
    5041.294365,
    339.231751,
    9843.426064,
    0
  ],
  [
    5042.303013,
    339.010499,
    9676.90558,
    0
  ],
  [
    5042.624968,
    339.010499,
    9687.042783,
    0
  ],
  [
    5046.298754,
    339.010499,
    9684.146354,
    0
  ],
  [
    5047.069074,
    339.269837,
    9798.605456,
    0
  ],
  [
    5047.352633,
    339.269837,
    9805.05945,
    0
  ],
  [
    5049.161827,
    339.269837,
    9800.558613,
    0
  ],
  [
    5049.640404,
    339.269837,
    9798.490193,
    0
  ],
  [
    5049.835157,
    339.269837,
    9805.393646,
    0
  ],
  [
    5050.05845,
    339.269837,
    9812.434473,
    0
  ],
  [
    5050.386938,
    339.269837,
    9808.763144,
    0
  ],
  [
    5050.624884,
    339.269837,
    9801.807401,
    0
  ],
  [
    5050.859966,
    339.269837,
    9803.25145,
    0
  ],
  [
    5051.644615,
    339.269837,
    9812.621172,
    0
  ],
  [
    5051.891618,
    339.269837,
    9808.485246,
    0
  ],
  [
    5072.58169,
    339.010499,
    9714.935709,
    0
  ],
  [
    5074.489458,
    339.010499,
    9725.121569,
    0
  ],
  [
    5081.113741,
    339.010499,
    9709.141491,
    0
  ],
  [
    5082.001018,
    339.010499,
    9720.169604,
    0
  ],
  [
    5087.522315,
    339.010499,
    9705.147822,
    0
  ],
  [
    5087.676502,
    339.010499,
    9715.288964,
    0
  ],
  [
    5091.397708,
    339.010499,
    9712.453715,
    0
  ],
  [
    5288.066628,
    337.053795,
    9838.537645,
    0
  ],
  [
    5288.750003,
    340.260994,
    9362.608887,
    0
  ],
  [
    5288.77724,
    337.053795,
    9830.089874,
    0
  ],
  [
    5289.754607,
    340.260994,
    9360.786054,
    0
  ],
  [
    5290.355539,
    340.260994,
    9365.030859,
    0
  ],
  [
    5290.48009,
    340.260994,
    9361.799004,
    0
  ],
  [
    5290.777979,
    337.053795,
    9829.941233,
    0
  ],
  [
    5290.816965,
    337.053795,
    9838.751912,
    0
  ],
  [
    5290.969049,
    337.053795,
    9840.754735,
    0
  ],
  [
    5292.430053,
    340.260994,
    9360.358005,
    0
  ],
  [
    5294.8472,
    337.19632,
    9779.116987,
    0
  ],
  [
    5295.084037,
    337.190338,
    9782.235257,
    0
  ],
  [
    5295.119962,
    337.21698,
    9768.324955,
    0
  ],
  [
    5295.598332,
    337.210785,
    9771.563771,
    0
  ],
  [
    5296.102518,
    337.203613,
    9775.315503,
    0
  ],
  [
    5297.319264,
    337.196625,
    9778.978313,
    0
  ],
  [
    5297.544959,
    337.190338,
    9782.268583,
    0
  ],
  [
    5297.733876,
    337.213165,
    9768.241542,
    0
  ],
  [
    5297.875131,
    337.208496,
    9772.095589,
    0
  ],
  [
    5299.907541,
    337.192444,
    9781.185713,
    0
  ],
  [
    5299.933693,
    337.201691,
    9775.661526,
    0
  ],
  [
    5300.057957,
    337.201416,
    9771.712975,
    0
  ],
  [
    5300.242836,
    337.207519,
    9767.818201,
    0
  ],
  [
    5302.11919,
    337.189514,
    9782.730239,
    0
  ],
  [
    5302.739159,
    337.201294,
    9768.500957,
    0
  ],
  [
    5302.781635,
    337.192535,
    9773.758504,
    0
  ],
  [
    5303.15192,
    337.191132,
    9780.055392,
    0
  ],
  [
    5303.16309,
    337.191193,
    9777.627982,
    0
  ],
  [
    5320.808797,
    337.616913,
    9787.079388,
    0
  ],
  [
    5324.019142,
    337.616913,
    9785.743224,
    0
  ],
  [
    5326.180953,
    337.616913,
    9778.676305,
    0
  ],
  [
    5326.712758,
    341.68689,
    9788.525573,
    0
  ],
  [
    5327.40616,
    337.616913,
    9791.152924,
    0
  ],
  [
    5327.528661,
    337.616913,
    9786.160982,
    0
  ],
  [
    5327.834959,
    341.68689,
    9791.329552,
    0
  ],
  [
    5329.736475,
    337.616913,
    9783.753222,
    0
  ],
  [
    5332.027212,
    337.616913,
    9781.386744,
    0
  ],
  [
    5332.237343,
    341.68689,
    9778.29921,
    0
  ],
  [
    5365.538458,
    332.755401,
    9915.898119,
    0
  ],
  [
    5365.56212,
    335.573974,
    9914.167066,
    0
  ],
  [
    5365.922221,
    332.820129,
    9918.562957,
    0
  ],
  [
    5365.959684,
    318.759936,
    9980.180017,
    0
  ],
  [
    5366.206877,
    332.768493,
    9914.473487,
    0
  ],
  [
    5366.704428,
    318.752443,
    9978.020716,
    0
  ],
  [
    5367.741936,
    318.753456,
    9980.252164,
    0
  ],
  [
    5370.717455,
    318.7523,
    9973.748008,
    0
  ],
  [
    5371.859006,
    318.7523,
    9971.712969,
    0
  ],
  [
    5384.73345,
    333.590252,
    9867.697055,
    0
  ],
  [
    5384.848759,
    332.780468,
    9868.580853,
    0
  ],
  [
    5384.869617,
    333.590252,
    9868.710103,
    0
  ],
  [
    5385.10166,
    333.590252,
    9869.999715,
    0
  ],
  [
    5385.146386,
    333.388657,
    9869.332055,
    0
  ],
  [
    5385.273201,
    333.590252,
    9871.03541,
    0
  ],
  [
    5385.422719,
    333.295654,
    9867.42235,
    0
  ],
  [
    5385.564481,
    334.346394,
    9866.598824,
    0
  ],
  [
    5385.830845,
    333.869408,
    9872.293241,
    0
  ],
  [
    5385.915653,
    333.734593,
    9866.199736,
    0
  ],
  [
    5385.997743,
    333.734593,
    9866.717059,
    0
  ],
  [
    5386.292969,
    334.293087,
    9873.386723,
    0
  ],
  [
    5387.076981,
    332.780468,
    9870.658789,
    0
  ],
  [
    5388.533125,
    332.780468,
    9868.795431,
    0
  ],
  [
    5388.601085,
    333.295654,
    9865.818499,
    0
  ],
  [
    5388.910297,
    332.780468,
    9872.589235,
    0
  ],
  [
    5389.304825,
    333.590252,
    9865.850873,
    0
  ],
  [
    5389.480478,
    332.780468,
    9866.783926,
    0
  ],
  [
    5389.538367,
    333.590252,
    9866.852258,
    0
  ],
  [
    5389.805237,
    333.590252,
    9868.838461,
    0
  ],
  [
    5389.846589,
    333.388657,
    9869.65216,
    0
  ],
  [
    5390.029069,
    333.728459,
    9870.47622,
    0
  ],
  [
    5390.276354,
    333.590252,
    9871.475675,
    0
  ],
  [
    5390.395238,
    333.590252,
    9872.581074,
    0
  ],
  [
    5390.537764,
    333.295654,
    9873.305419,
    0
  ]
]